/*
SQLyog 企业版 - MySQL GUI v8.14 
MySQL - 5.5.19 : Database - xiaojiajiang
*********************************************************************
*/

/*!40101 SET NAMES utf8 */;

/*!40101 SET SQL_MODE=''*/;

/*!40014 SET @OLD_UNIQUE_CHECKS=@@UNIQUE_CHECKS, UNIQUE_CHECKS=0 */;
/*!40014 SET @OLD_FOREIGN_KEY_CHECKS=@@FOREIGN_KEY_CHECKS, FOREIGN_KEY_CHECKS=0 */;
/*!40101 SET @OLD_SQL_MODE=@@SQL_MODE, SQL_MODE='NO_AUTO_VALUE_ON_ZERO' */;
/*!40111 SET @OLD_SQL_NOTES=@@SQL_NOTES, SQL_NOTES=0 */;
CREATE DATABASE /*!32312 IF NOT EXISTS*/`xiaojiajiang` /*!40100 DEFAULT CHARACTER SET utf8 */;

USE `xiaojiajiang`;

/*Table structure for table `askers` */

DROP TABLE IF EXISTS `askers`;

CREATE TABLE `askers` (
  `id` int(11) unsigned NOT NULL AUTO_INCREMENT COMMENT '咨询师Id',
  `askerName` varchar(100) DEFAULT NULL COMMENT '咨询师名称',
  `checkState` varchar(50) DEFAULT '未签到' COMMENT '签到状态',
  `checkInTime` timestamp NULL DEFAULT NULL COMMENT '签到时间',
  `changeState` varchar(50) DEFAULT '否' COMMENT '是否分配学生：是，否',
  `weight` int(11) DEFAULT '0' COMMENT '权重',
  `roleName` varchar(100) DEFAULT '咨询师' COMMENT '角色名称',
  `remark` varchar(2000) DEFAULT NULL COMMENT '备注信息',
  PRIMARY KEY (`id`)
) ENGINE=InnoDB AUTO_INCREMENT=10 DEFAULT CHARSET=utf8;

/*Data for the table `askers` */

insert  into `askers`(`id`,`askerName`,`checkState`,`checkInTime`,`changeState`,`weight`,`roleName`,`remark`) values (1,'咨询师3','未签到',NULL,'否',2,'咨询师','123131'),(2,'咨询师4','未签到',NULL,'否',3,'咨询师',NULL),(3,'咨询师1','未签到',NULL,'是',8,'咨询师',NULL),(4,'咨询师2','未签到',NULL,'否',5,'咨询师','咨询师2效率高'),(5,'网络咨询师','未签到',NULL,'否',3,'网络咨询师','还行还行凑活'),(6,'咨询师经理','未签到',NULL,'否',0,'咨询师经理','咨询师经理位高权重'),(7,'王大哈','已签到',NULL,'否',0,'咨询师',NULL),(8,'打打','已签到',NULL,'否',10,'咨询师','菜鸟一个撒大大');

/*Table structure for table `component` */

DROP TABLE IF EXISTS `component`;

CREATE TABLE `component` (
  `id` int(11) NOT NULL AUTO_INCREMENT COMMENT '分量表Id',
  `comState` int(11) DEFAULT '0' COMMENT '分量表状态',
  `comUpdTime` timestamp NOT NULL DEFAULT CURRENT_TIMESTAMP ON UPDATE CURRENT_TIMESTAMP COMMENT '分量开启状态最后修改时间',
  PRIMARY KEY (`id`)
) ENGINE=InnoDB AUTO_INCREMENT=2 DEFAULT CHARSET=utf8;

/*Data for the table `component` */

insert  into `component`(`id`,`comState`,`comUpdTime`) values (1,1,'2018-06-29 17:29:37');

/*Table structure for table `dynamicmessages` */

DROP TABLE IF EXISTS `dynamicmessages`;

CREATE TABLE `dynamicmessages` (
  `id` int(11) NOT NULL AUTO_INCREMENT COMMENT '消息Id',
  `studentId` int(11) DEFAULT NULL COMMENT '学生Id',
  `studentName` varchar(100) DEFAULT NULL COMMENT '学生名称',
  `messageContent` varchar(2000) DEFAULT NULL COMMENT '消息内容',
  `isOpen` varchar(50) DEFAULT '是' COMMENT '是否打开',
  `createTime` timestamp NULL DEFAULT CURRENT_TIMESTAMP COMMENT '消息创建时间',
  PRIMARY KEY (`id`),
  KEY `FK_dynamicmessages` (`studentId`),
  CONSTRAINT `FK_dynamicmessages` FOREIGN KEY (`studentId`) REFERENCES `students` (`id`) ON DELETE CASCADE ON UPDATE CASCADE
) ENGINE=InnoDB AUTO_INCREMENT=15 DEFAULT CHARSET=utf8;

/*Data for the table `dynamicmessages` */

insert  into `dynamicmessages`(`id`,`studentId`,`studentName`,`messageContent`,`isOpen`,`createTime`) values (1,8,'王二','王二的信息有变动，更改你电话为13588888888','否','2017-03-30 09:04:12'),(2,4,'张三三','张三三需要修改qq号为789876','否','2017-03-30 10:24:59'),(3,4,'张三三','修改张三三手机号为：13566668888','否','2017-03-31 11:56:20'),(4,16,'麻六','麻溜需要跟踪回访','否','2017-03-31 12:01:06'),(5,4,'张三三','aaaaa','否','2017-03-31 17:59:17'),(6,18,'小龙','小龙需要及时跟踪','否','2017-04-01 10:23:25'),(7,19,'小芳','请立即跟踪回访小芳','是','2017-04-05 09:06:31'),(8,19,'小芳','小芳修改了联系方式：13566668888','是','2017-04-05 09:43:53'),(9,4,'张三三','修改该学生手机号：13566666666','是','2017-04-07 10:18:08'),(10,21,'狂人','修改学生狂人的电话号码','否','2017-05-05 08:53:30'),(11,1,'张三','该学生需上门咨询,其有意向前往学习!','否','2018-06-05 22:35:11'),(12,2,'张三2','28256','是','2018-06-21 00:53:43'),(13,1,'张三','按时大大','是','2018-06-29 17:28:01'),(14,8,'王二','阿达的','是','2018-06-29 17:53:21');

/*Table structure for table `modules` */

DROP TABLE IF EXISTS `modules`;

CREATE TABLE `modules` (
  `id` int(10) unsigned NOT NULL AUTO_INCREMENT COMMENT '模块编号',
  `name` varchar(50) NOT NULL COMMENT '模块名称',
  `parentId` int(11) unsigned NOT NULL COMMENT '父模块编号',
  `path` varchar(120) DEFAULT NULL COMMENT '模块路径',
  `weight` int(11) DEFAULT NULL COMMENT '权重',
  `createTime` datetime DEFAULT NULL COMMENT '创建时间',
  `lastUpdateTime` timestamp NOT NULL DEFAULT CURRENT_TIMESTAMP ON UPDATE CURRENT_TIMESTAMP COMMENT '最后一次修改时间',
  `founder` varchar(50) DEFAULT NULL COMMENT '创建人',
  `updateMan` varchar(50) DEFAULT NULL COMMENT '修改人',
  PRIMARY KEY (`id`)
) ENGINE=InnoDB AUTO_INCREMENT=25 DEFAULT CHARSET=utf8;

/*Data for the table `modules` */

insert  into `modules`(`id`,`name`,`parentId`,`path`,`weight`,`createTime`,`lastUpdateTime`,`founder`,`updateMan`) values (1,'权限管理',0,NULL,100,'2018-05-11 00:00:00','2018-05-26 17:05:35','胖胖','梦霞小仙女'),(2,'用户管理',1,'yh.html',99,'2018-05-11 00:00:00','2018-05-24 13:35:09','胖胖','小佳'),(3,'角色管理',1,'jdgl.html',98,'2018-05-11 00:00:00','2018-05-24 13:35:10','小佳','胖胖'),(4,'模块管理',1,'modules.html',97,'2018-05-11 00:00:00','2018-05-26 17:05:36','梦霞小仙女','小佳'),(5,'权限查看',1,'permission.html',95,'2018-05-11 00:00:00','2018-05-27 12:59:03','梦霞小仙女','小佳'),(6,'系统管理',0,NULL,94,'2018-05-11 00:00:00','2018-05-26 17:11:40','小佳','梦霞小仙女'),(7,'员工签到',6,'signIn.html',93,'2018-05-11 00:00:00','2018-05-28 15:41:27','梦霞小仙女','胖胖'),(8,'调整分量顺序',6,'aujustSign.html',92,'2018-05-11 00:00:00','2018-05-28 16:38:25','小佳','梦霞小仙女'),(9,'修改密码',6,'updpwd.html',91,'2018-05-11 00:00:00','2018-05-28 12:24:02','梦霞小仙女','梦霞小仙女'),(11,'网络档案',0,NULL,89,'2018-05-11 00:00:00','2018-05-26 17:11:48','小佳','胖胖'),(12,'学生来源分布图',11,'henan.html',52,NULL,'2018-06-21 09:26:33',NULL,NULL),(13,'网络学生',11,'allstudent.html',88,'2018-05-11 00:00:00','2018-06-21 09:26:21','小佳','胖胖'),(14,'我的学生',11,'studentId.html',87,'2018-05-11 00:00:00','2018-06-21 09:26:18','小佳','胖胖'),(16,'分量设置',11,'component.html',85,'2018-05-31 13:08:41','2018-06-21 09:26:16','二哈',NULL),(17,'网络跟踪',11,'tail.html',84,'2018-05-31 13:08:41','2018-06-21 09:26:14','二哈','二哈'),(18,'员工签到柱状图',6,'signchart.html',53,'2018-06-07 18:04:34','2018-06-21 09:26:12','小佳',NULL),(19,'考勤管理',0,NULL,51,'2018-06-07 18:04:34','2018-06-22 10:37:48','小佳','二哈'),(20,'员工请假',19,'vacation.html',50,'2018-06-07 18:04:34','2018-06-22 11:07:24','小佳','小佳'),(23,'员工考勤自助查询',19,'checking-in.html',49,'2018-06-07 18:04:34','2018-06-25 11:12:04','小佳','小佳'),(24,'员工财务自助查询',19,'caiwu.html',48,'2018-06-07 18:04:34','2018-06-27 10:40:12','小佳','小佳');

/*Table structure for table `netfollows` */

DROP TABLE IF EXISTS `netfollows`;

CREATE TABLE `netfollows` (
  `id` int(11) NOT NULL AUTO_INCREMENT COMMENT '跟踪Id',
  `studentId` int(11) DEFAULT NULL COMMENT '学生Id',
  `studentName` varchar(100) DEFAULT NULL COMMENT '学生名称',
  `followTime` timestamp NULL DEFAULT NULL COMMENT '跟踪时间',
  `nextFollowTime` timestamp NULL DEFAULT NULL COMMENT '下次跟踪时间',
  `content` varchar(2000) DEFAULT NULL COMMENT '备注',
  `userId` int(10) unsigned NOT NULL COMMENT '用户Id',
  `followType` varchar(100) DEFAULT NULL COMMENT '跟踪类型',
  `createTime` timestamp NULL DEFAULT NULL COMMENT '创建时间',
  `followState` varchar(100) DEFAULT NULL COMMENT '跟踪状态',
  PRIMARY KEY (`id`),
  KEY `FK_netfollows` (`studentId`),
  KEY `FK_netfollows_userId` (`userId`),
  CONSTRAINT `FK_netfollows` FOREIGN KEY (`studentId`) REFERENCES `students` (`id`) ON DELETE CASCADE ON UPDATE CASCADE,
  CONSTRAINT `FK_netfollows_userId` FOREIGN KEY (`userId`) REFERENCES `users` (`id`) ON DELETE CASCADE ON UPDATE CASCADE
) ENGINE=InnoDB AUTO_INCREMENT=25 DEFAULT CHARSET=utf8;

/*Data for the table `netfollows` */

insert  into `netfollows`(`id`,`studentId`,`studentName`,`followTime`,`nextFollowTime`,`content`,`userId`,`followType`,`createTime`,`followState`) values (3,7,'小明','2017-03-26 14:58:18','2017-03-31 14:58:43','正在进一步跟踪。。。',17,'面谈','2017-03-28 14:59:01','考虑中'),(4,8,'王二','2017-03-24 15:04:02','2017-03-31 15:04:39','该学生咨询了培训的所有流程以及就业前景之后，正在考虑当中，还需进一步跟踪回访。',2,'面谈','2017-03-28 15:05:46','上门未报名'),(5,4,'张三三','2017-03-24 15:11:48','2017-03-30 15:12:14','该学生还有些顾虑，需进一步跟踪拿下。。。',3,'电话','2017-03-28 15:12:52','上门未报名'),(6,5,'李四','2017-03-10 15:13:22','2017-03-29 15:13:42','该学生已报名但是费用还没缴纳，可能还存在着其它想法，需进一步跟踪回访做好思想工作。',4,'面谈','2017-03-28 15:14:58','报名未进班'),(7,10,'阿飞','2017-03-22 10:42:19','2017-04-05 10:42:33','继续跟踪访谈。。。',5,'面谈','2017-03-31 10:43:10','报名未进班'),(8,14,'小黑','2017-03-18 10:57:50','2017-04-05 10:58:06','该学生还在考虑中，需进一步跟踪访谈，解决其疑虑。',9,'电话','2017-03-31 10:58:47','上门未报名'),(9,12,'小黄','2017-04-12 10:44:00',NULL,'跟踪完毕，已缴费单未进班。',10,'面谈','2017-04-01 10:49:47','报名未进班'),(10,19,'小芳','2017-03-31 09:37:56','2017-04-08 09:38:09','还需进一步回访跟踪',12,'网络','2017-04-05 09:38:26','上门未报名'),(11,1,'张三','2018-05-31 23:14:20','2018-06-01 23:14:37','有前来上学的意向需要留意!!!',17,'网络','2018-05-31 23:15:05','未上门'),(12,1,'张三','2018-06-06 10:26:17','2018-06-06 10:28:47','阿打算打打打',17,'网络','2018-06-04 10:28:50','未上门'),(13,2,'张三2','2018-06-04 10:35:25','2018-06-06 10:35:28','大大大',17,'电话','2018-06-04 10:35:31','考虑中'),(14,2,'张三2','2018-06-04 10:36:49','2018-06-07 10:36:52','',17,'电话','2018-06-04 10:36:55','考虑中'),(15,1,'张三','2018-06-21 15:28:11','2018-06-14 15:28:19','吃吃吃',17,'电话','2018-06-05 15:28:29','考虑中'),(16,1,'张三','2018-06-05 10:23:49','2018-06-21 10:23:53','',17,'电话','2018-06-08 10:23:56','考虑中'),(17,2,'张三2','2018-06-07 10:53:27','2018-06-13 10:53:30','打算打算打算打算打算打算打算打算打打ad实打实大神打算打算打算打按时是的撒打算打打阿萨德阿萨德按时大声道阿达阿萨德阿达阿达阿达啊打阿萨德撒大阿萨德啊大大按时阿达萨达 打啊打的按时撒阿达啊阿达阿达啊',17,'电话','2018-06-08 10:53:33','考虑中'),(18,27,'哈哈哈','2018-06-06 10:20:32','2018-06-20 10:20:35','',17,'电话','2018-06-11 10:20:39','考虑中'),(19,12,'小黄','2018-06-15 11:24:39','2018-06-27 11:24:35','',19,'电话','2018-06-15 11:24:42','考虑中'),(20,1,'张三','2018-06-19 23:56:37','2018-06-21 23:56:41','',17,'电话','2018-06-20 23:56:46','考虑中'),(21,2,'张三2','2018-06-05 00:52:48','2018-06-19 00:52:52','',1,'电话','2018-06-21 00:52:56','考虑中'),(22,2,'张三2','2018-06-12 00:53:08','2018-06-20 00:53:12','1111111',1,'电话','2018-06-21 00:53:19','考虑中'),(23,7,'小明','2018-06-20 17:30:24','2018-06-29 17:30:27','',1,'电话','2018-06-29 17:30:35','考虑中'),(24,7,'小明','2018-06-05 17:53:57','2018-06-22 17:54:00','',1,'电话','2018-06-29 17:54:08','考虑中');

/*Table structure for table `permission` */

DROP TABLE IF EXISTS `permission`;

CREATE TABLE `permission` (
  `permissionId` int(10) unsigned NOT NULL AUTO_INCREMENT COMMENT '权限ID',
  `permissionValue` varchar(50) DEFAULT NULL COMMENT '权限资源对象',
  `permissionModule` varchar(50) NOT NULL COMMENT '权限所属模块',
  `permissionName` varchar(50) NOT NULL COMMENT '权限名称',
  `permissionLastUpdateTime` timestamp NOT NULL DEFAULT CURRENT_TIMESTAMP ON UPDATE CURRENT_TIMESTAMP COMMENT '权限最近一次修改时间',
  PRIMARY KEY (`permissionId`)
) ENGINE=InnoDB AUTO_INCREMENT=71 DEFAULT CHARSET=utf8;

/*Data for the table `permission` */

insert  into `permission`(`permissionId`,`permissionValue`,`permissionModule`,`permissionName`,`permissionLastUpdateTime`) values (1,'users:addUsers.php','用户模块','添加用户','2018-05-20 22:13:21'),(2,'users:getUsers.php','用户模块','查询用户','2018-05-20 22:13:29'),(3,'users:delUsers.php','用户模块','删除用户','2018-05-20 22:13:31'),(4,'users:updUsers.php','用户模块','修改用户','2018-05-20 22:13:32'),(5,'users:lockUsers.php','用户模块','锁定用户','2018-05-20 22:13:37'),(6,'modules:getModules.php','系统菜单','查询模块','2018-05-20 22:13:37'),(7,'roles:getRoles.php','角色模块','查询角色','2018-05-21 21:27:13'),(8,'roles:addRoles.php','角色模块','添加角色','2018-05-21 21:27:48'),(9,'roles:delRoles.php','角色模块','删除角色','2018-05-21 21:28:56'),(10,'roles:updRoles.php','角色模块','修改角色','2018-05-21 21:29:19'),(11,'roles:getUserRolesByUserId.php','角色模块','获取本用户拥有角色','2018-05-21 21:30:25'),(12,'users:clearUsers.php','用户模块','重置密码','2018-05-22 16:10:02'),(13,'roles:addUserRoles.php','角色模块','添加用户角色','2018-05-22 23:14:41'),(14,'roles:delUserRoles.php','角色模块','删除用户角色','2018-05-22 16:10:02'),(15,'roles:getRolesList.php','角色模块','不分页查询角色','2018-05-23 01:04:48'),(16,'modules:delModules.php','系统菜单','删除模块','2018-05-24 18:48:27'),(18,'modules:addModules.php','系统菜单','添加模块','2018-05-24 12:04:54'),(19,'modules:updModules.php','系统菜单','修改模块','2018-05-24 13:29:42'),(20,'users:updUserPass.php','用户模块','修改密码','2018-05-25 00:05:50'),(21,'modules:queryMenuTree.php','系统菜单','查询左侧菜单树','2018-05-25 16:41:14'),(28,'userstu:addStuUser.php','学生用户关联模块','添加学生','2018-05-27 02:40:59'),(29,'userstu:delStuUser.php','学生用户关联模块','删除学生','2018-05-27 02:41:24'),(30,'permission:queryNode.php','权限模块','更新系统权限信息','2018-05-27 12:52:36'),(31,'permission:updatePermission.php','权限模块','更新系统权限','2018-05-27 12:53:43'),(33,'signin:getSignin.php','签到模块','查询签到','2018-05-28 15:28:15'),(34,'signin:updSignin.php','签到模块','修改签到','2018-05-28 15:55:47'),(35,'roles:setRoleModule.php','角色模块','角色设置菜单模块','2018-05-29 13:13:27'),(36,'roles:setRolePermission.php','角色模块','角色设置操作权限','2018-05-29 13:14:54'),(37,'modules:queryRoleSetModuleTree.php','菜单模块','查询角色设置模块','2018-05-29 13:22:24'),(38,'permission:queryNodess.php','权限模块','查询所有权限','2018-05-29 19:31:41'),(39,'permission:setRolePermission.php','权限模块','角色设置操作权限','2018-05-29 19:31:46'),(40,'askers:getaAskers.php','咨询师模块','查询分量模块','2018-05-30 16:34:34'),(41,'askers:updAskers.php','咨询师模块','调整分量设置','2018-05-30 16:55:33'),(42,'signin:addSignin.php','签到模块','添加签到','2018-05-30 17:50:23'),(43,'students:getStudents.php','学生模块','查询所有学生','2018-05-30 21:06:01'),(44,'netfloows:getNetfloows.php','网络跟踪模块','查询跟踪信息','2018-05-31 13:52:46'),(45,'students:delStudents.php','学生模块','删除学生','2018-05-31 16:06:03'),(46,'netfloows:addNetFollows.php','网络跟踪模块','添加网络跟踪','2018-05-31 22:47:56'),(47,'students:addStudents.php','学生模块','添加学生','2018-06-04 11:48:28'),(48,'students:download.php','学生模块','导出Excel','2018-06-05 17:56:16'),(49,'roles:GetUsersByRoleName.php','角色模块','查询咨询师','2018-06-05 21:06:49'),(50,'students:updStudentsByIds.php','学生模块','手动分配咨询师','2018-06-05 21:34:55'),(51,'students:addDyNamicMessages.php','学生模块','添加动态','2018-06-05 22:34:02'),(52,'students:updStudents.php','学生模块','修改学生','2018-06-06 01:08:35'),(53,'students:upload.php','学生模块','上传文件','2018-06-06 10:02:00'),(54,'students:updComponent.php','学生模块','分量设置','2018-06-06 17:16:32'),(55,'students:selComponent.php','学生模块','查询分量设置状态','2018-06-06 17:50:18'),(56,'signin:getSignInByTime.php','签到模块','签到图表','2018-06-07 22:39:26'),(57,'askers:addAskers.php','咨询师模块','添加咨询师','2018-06-08 11:58:06'),(58,'askers:delAsker.php','咨询师模块','删除咨询师','2018-06-08 12:28:10'),(59,'students:getDyNamicMessages.php','学生模块','查询动态数','2018-06-12 13:59:09'),(60,'students:getDyNamicMessagesCount.php','学生模块','查询动态','2018-06-12 13:59:20'),(61,'students:updDyNamicMessages.php','学生模块','动态修改','2018-06-12 14:45:50'),(62,'students:getStudentByAdd.php','学生模块','学生来源分布','2018-06-21 08:57:16'),(63,'vacation:getVacation.php','考勤模块','所有请假信息','2018-06-22 10:41:23'),(64,'vacation:addVacation.php','考勤模块','申请请假','2018-06-22 17:37:38'),(65,'vacation:updVacation.php','考勤模块','审批请假','2018-06-22 17:38:04'),(66,'vacation:getVacationByName.php','考勤模块','我的请假信息','2018-06-23 15:45:47'),(67,'vacation:updVacationByState.php','考勤模块','请假报道','2018-06-23 17:41:07'),(68,'vacation:getCheckingIn.php','考勤模块','考勤自助查询','2018-06-25 11:41:07'),(69,'vacation:download.php','考勤模块','导出Excel','2018-06-25 14:08:15'),(70,'vacation:getVacationGz.php','考勤模块','自助查询财务','2018-06-27 11:28:57');

/*Table structure for table `rolemodules` */

DROP TABLE IF EXISTS `rolemodules`;

CREATE TABLE `rolemodules` (
  `id` int(10) unsigned NOT NULL AUTO_INCREMENT COMMENT '编号',
  `roleId` int(11) unsigned NOT NULL COMMENT '角色编号',
  `moduleId` int(11) unsigned NOT NULL COMMENT '功能模块编号',
  `moduleLastUpdateTime` timestamp NOT NULL DEFAULT CURRENT_TIMESTAMP ON UPDATE CURRENT_TIMESTAMP COMMENT '最后一次操作时间',
  PRIMARY KEY (`id`),
  KEY `FK_rolemodules_roleId` (`roleId`),
  KEY `FK_rolemodules_moduleId` (`moduleId`),
  CONSTRAINT `FK_rolemodules_moduleId` FOREIGN KEY (`moduleId`) REFERENCES `modules` (`id`) ON DELETE CASCADE ON UPDATE CASCADE,
  CONSTRAINT `FK_rolemodules_roleId` FOREIGN KEY (`roleId`) REFERENCES `roles` (`id`) ON DELETE CASCADE ON UPDATE CASCADE
) ENGINE=InnoDB AUTO_INCREMENT=797 DEFAULT CHARSET=utf8;

/*Data for the table `rolemodules` */

insert  into `rolemodules`(`id`,`roleId`,`moduleId`,`moduleLastUpdateTime`) values (43,7,6,'2018-05-29 15:51:10'),(44,7,7,'2018-05-29 15:51:10'),(45,7,8,'2018-05-29 15:51:10'),(46,7,9,'2018-05-29 15:51:10'),(53,5,6,'2018-05-29 15:51:28'),(54,5,7,'2018-05-29 15:51:28'),(55,5,8,'2018-05-29 15:51:28'),(138,22,1,'2018-05-30 09:54:56'),(139,22,2,'2018-05-30 09:54:56'),(140,22,3,'2018-05-30 09:54:56'),(141,22,4,'2018-05-30 09:54:56'),(142,22,5,'2018-05-30 09:54:56'),(262,4,1,'2018-05-31 13:47:05'),(263,4,2,'2018-05-31 13:47:05'),(264,4,3,'2018-05-31 13:47:05'),(265,4,4,'2018-05-31 13:47:05'),(266,4,5,'2018-05-31 13:47:05'),(267,4,6,'2018-05-31 13:47:05'),(268,4,7,'2018-05-31 13:47:05'),(269,4,9,'2018-05-31 13:47:05'),(270,4,11,'2018-05-31 13:47:05'),(271,4,13,'2018-05-31 13:47:05'),(272,4,17,'2018-05-31 13:47:05'),(636,1,6,'2018-06-27 10:40:24'),(637,1,7,'2018-06-27 10:40:24'),(638,1,9,'2018-06-27 10:40:24'),(639,1,11,'2018-06-27 10:40:24'),(640,1,14,'2018-06-27 10:40:24'),(641,1,17,'2018-06-27 10:40:24'),(642,1,19,'2018-06-27 10:40:24'),(643,1,23,'2018-06-27 10:40:24'),(644,1,24,'2018-06-27 10:40:24'),(665,15,6,'2018-06-27 10:40:35'),(666,15,7,'2018-06-27 10:40:35'),(667,15,8,'2018-06-27 10:40:35'),(668,15,9,'2018-06-27 10:40:35'),(669,15,18,'2018-06-27 10:40:35'),(670,15,11,'2018-06-27 10:40:35'),(671,15,12,'2018-06-27 10:40:35'),(672,15,13,'2018-06-27 10:40:35'),(673,15,14,'2018-06-27 10:40:35'),(674,15,16,'2018-06-27 10:40:35'),(675,15,17,'2018-06-27 10:40:35'),(676,15,19,'2018-06-27 10:40:35'),(677,15,23,'2018-06-27 10:40:35'),(678,15,24,'2018-06-27 10:40:35'),(679,16,6,'2018-06-27 10:40:39'),(680,16,7,'2018-06-27 10:40:39'),(681,16,9,'2018-06-27 10:40:39'),(682,16,18,'2018-06-27 10:40:39'),(683,16,11,'2018-06-27 10:40:39'),(684,16,12,'2018-06-27 10:40:39'),(685,16,13,'2018-06-27 10:40:39'),(686,16,19,'2018-06-27 10:40:39'),(687,16,23,'2018-06-27 10:40:39'),(688,16,24,'2018-06-27 10:40:39'),(689,17,6,'2018-06-27 10:40:43'),(690,17,7,'2018-06-27 10:40:43'),(691,17,9,'2018-06-27 10:40:43'),(692,17,18,'2018-06-27 10:40:43'),(693,17,11,'2018-06-27 10:40:43'),(694,17,12,'2018-06-27 10:40:43'),(695,17,14,'2018-06-27 10:40:43'),(696,17,17,'2018-06-27 10:40:43'),(697,17,19,'2018-06-27 10:40:43'),(698,17,23,'2018-06-27 10:40:43'),(699,17,24,'2018-06-27 10:40:43'),(777,2,1,'2018-06-29 17:49:08'),(778,2,2,'2018-06-29 17:49:08'),(779,2,3,'2018-06-29 17:49:08'),(780,2,4,'2018-06-29 17:49:08'),(781,2,5,'2018-06-29 17:49:08'),(782,2,6,'2018-06-29 17:49:08'),(783,2,7,'2018-06-29 17:49:08'),(784,2,8,'2018-06-29 17:49:08'),(785,2,9,'2018-06-29 17:49:08'),(786,2,18,'2018-06-29 17:49:08'),(787,2,11,'2018-06-29 17:49:08'),(788,2,12,'2018-06-29 17:49:08'),(789,2,13,'2018-06-29 17:49:08'),(790,2,14,'2018-06-29 17:49:08'),(791,2,16,'2018-06-29 17:49:08'),(792,2,17,'2018-06-29 17:49:08'),(793,2,19,'2018-06-29 17:49:08'),(794,2,20,'2018-06-29 17:49:08'),(795,2,23,'2018-06-29 17:49:08'),(796,2,24,'2018-06-29 17:49:08');

/*Table structure for table `rolepermission` */

DROP TABLE IF EXISTS `rolepermission`;

CREATE TABLE `rolepermission` (
  `rolePermissionId` int(10) unsigned NOT NULL AUTO_INCREMENT COMMENT '角色权限关系ID',
  `roleId` int(10) unsigned NOT NULL COMMENT '所属角色ID',
  `permissionId` int(10) unsigned NOT NULL COMMENT '所属权限ID',
  `rolePermissionLastUpdateTime` timestamp NULL DEFAULT CURRENT_TIMESTAMP COMMENT '角色权限关系记录最近修改时间',
  PRIMARY KEY (`rolePermissionId`),
  KEY `FK_rolepermission_roleId` (`roleId`),
  KEY `FK_rolepermission` (`permissionId`),
  CONSTRAINT `FK_rolepermission` FOREIGN KEY (`permissionId`) REFERENCES `permission` (`permissionId`) ON DELETE CASCADE ON UPDATE CASCADE,
  CONSTRAINT `FK_rolepermission_roleId` FOREIGN KEY (`roleId`) REFERENCES `roles` (`id`) ON DELETE CASCADE ON UPDATE CASCADE
) ENGINE=InnoDB AUTO_INCREMENT=3834 DEFAULT CHARSET=utf8;

/*Data for the table `rolepermission` */

insert  into `rolepermission`(`rolePermissionId`,`roleId`,`permissionId`,`rolePermissionLastUpdateTime`) values (102,9,1,'2018-05-29 21:23:41'),(103,9,2,'2018-05-29 21:23:41'),(104,9,3,'2018-05-29 21:23:41'),(105,9,4,'2018-05-29 21:23:41'),(106,9,5,'2018-05-29 21:23:41'),(107,9,12,'2018-05-29 21:23:41'),(108,9,20,'2018-05-29 21:23:41'),(109,9,21,'2018-05-29 21:23:41'),(2813,15,1,'2018-06-23 17:42:11'),(2814,15,2,'2018-06-23 17:42:11'),(2815,15,3,'2018-06-23 17:42:11'),(2816,15,4,'2018-06-23 17:42:11'),(2817,15,5,'2018-06-23 17:42:11'),(2818,15,12,'2018-06-23 17:42:11'),(2819,15,20,'2018-06-23 17:42:11'),(2820,15,6,'2018-06-23 17:42:11'),(2821,15,16,'2018-06-23 17:42:11'),(2822,15,18,'2018-06-23 17:42:11'),(2823,15,19,'2018-06-23 17:42:11'),(2824,15,21,'2018-06-23 17:42:11'),(2825,15,7,'2018-06-23 17:42:11'),(2826,15,8,'2018-06-23 17:42:11'),(2827,15,9,'2018-06-23 17:42:11'),(2828,15,10,'2018-06-23 17:42:11'),(2829,15,11,'2018-06-23 17:42:11'),(2830,15,13,'2018-06-23 17:42:11'),(2831,15,14,'2018-06-23 17:42:11'),(2832,15,15,'2018-06-23 17:42:11'),(2833,15,35,'2018-06-23 17:42:11'),(2834,15,36,'2018-06-23 17:42:11'),(2835,15,49,'2018-06-23 17:42:11'),(2836,15,28,'2018-06-23 17:42:11'),(2837,15,29,'2018-06-23 17:42:11'),(2838,15,30,'2018-06-23 17:42:11'),(2839,15,31,'2018-06-23 17:42:11'),(2840,15,38,'2018-06-23 17:42:11'),(2841,15,39,'2018-06-23 17:42:11'),(2842,15,33,'2018-06-23 17:42:11'),(2843,15,34,'2018-06-23 17:42:11'),(2844,15,42,'2018-06-23 17:42:11'),(2845,15,56,'2018-06-23 17:42:11'),(2846,15,37,'2018-06-23 17:42:11'),(2847,15,40,'2018-06-23 17:42:11'),(2848,15,41,'2018-06-23 17:42:11'),(2849,15,57,'2018-06-23 17:42:11'),(2850,15,58,'2018-06-23 17:42:11'),(2851,15,43,'2018-06-23 17:42:11'),(2852,15,45,'2018-06-23 17:42:11'),(2853,15,47,'2018-06-23 17:42:11'),(2854,15,48,'2018-06-23 17:42:11'),(2855,15,50,'2018-06-23 17:42:11'),(2856,15,51,'2018-06-23 17:42:11'),(2857,15,52,'2018-06-23 17:42:11'),(2858,15,53,'2018-06-23 17:42:11'),(2859,15,54,'2018-06-23 17:42:11'),(2860,15,55,'2018-06-23 17:42:11'),(2861,15,59,'2018-06-23 17:42:11'),(2862,15,60,'2018-06-23 17:42:11'),(2863,15,61,'2018-06-23 17:42:11'),(2864,15,62,'2018-06-23 17:42:11'),(2865,15,44,'2018-06-23 17:42:11'),(2866,15,46,'2018-06-23 17:42:11'),(2867,15,63,'2018-06-23 17:42:11'),(2868,15,64,'2018-06-23 17:42:11'),(2869,15,65,'2018-06-23 17:42:11'),(2870,15,66,'2018-06-23 17:42:11'),(2871,15,67,'2018-06-23 17:42:11'),(2923,17,1,'2018-06-23 17:42:43'),(2924,17,2,'2018-06-23 17:42:43'),(2925,17,3,'2018-06-23 17:42:43'),(2926,17,4,'2018-06-23 17:42:43'),(2927,17,5,'2018-06-23 17:42:43'),(2928,17,12,'2018-06-23 17:42:43'),(2929,17,20,'2018-06-23 17:42:43'),(2930,17,6,'2018-06-23 17:42:43'),(2931,17,16,'2018-06-23 17:42:43'),(2932,17,18,'2018-06-23 17:42:43'),(2933,17,19,'2018-06-23 17:42:43'),(2934,17,21,'2018-06-23 17:42:43'),(2935,17,7,'2018-06-23 17:42:43'),(2936,17,8,'2018-06-23 17:42:43'),(2937,17,9,'2018-06-23 17:42:43'),(2938,17,10,'2018-06-23 17:42:43'),(2939,17,11,'2018-06-23 17:42:43'),(2940,17,13,'2018-06-23 17:42:43'),(2941,17,14,'2018-06-23 17:42:43'),(2942,17,15,'2018-06-23 17:42:43'),(2943,17,35,'2018-06-23 17:42:43'),(2944,17,36,'2018-06-23 17:42:43'),(2945,17,49,'2018-06-23 17:42:43'),(2946,17,28,'2018-06-23 17:42:43'),(2947,17,29,'2018-06-23 17:42:43'),(2948,17,30,'2018-06-23 17:42:43'),(2949,17,31,'2018-06-23 17:42:43'),(2950,17,38,'2018-06-23 17:42:43'),(2951,17,39,'2018-06-23 17:42:43'),(2952,17,33,'2018-06-23 17:42:43'),(2953,17,34,'2018-06-23 17:42:43'),(2954,17,42,'2018-06-23 17:42:43'),(2955,17,56,'2018-06-23 17:42:43'),(2956,17,37,'2018-06-23 17:42:43'),(2957,17,40,'2018-06-23 17:42:43'),(2958,17,41,'2018-06-23 17:42:43'),(2959,17,43,'2018-06-23 17:42:43'),(2960,17,45,'2018-06-23 17:42:43'),(2961,17,48,'2018-06-23 17:42:43'),(2962,17,51,'2018-06-23 17:42:43'),(2963,17,52,'2018-06-23 17:42:43'),(2964,17,54,'2018-06-23 17:42:43'),(2965,17,55,'2018-06-23 17:42:43'),(2966,17,59,'2018-06-23 17:42:43'),(2967,17,60,'2018-06-23 17:42:43'),(2968,17,61,'2018-06-23 17:42:43'),(2969,17,44,'2018-06-23 17:42:43'),(2970,17,46,'2018-06-23 17:42:43'),(2971,17,63,'2018-06-23 17:42:43'),(2972,17,64,'2018-06-23 17:42:43'),(2973,17,65,'2018-06-23 17:42:43'),(2974,17,66,'2018-06-23 17:42:43'),(2975,17,67,'2018-06-23 17:42:43'),(2976,16,1,'2018-06-23 17:42:47'),(2977,16,2,'2018-06-23 17:42:47'),(2978,16,3,'2018-06-23 17:42:47'),(2979,16,4,'2018-06-23 17:42:47'),(2980,16,5,'2018-06-23 17:42:47'),(2981,16,12,'2018-06-23 17:42:47'),(2982,16,20,'2018-06-23 17:42:47'),(2983,16,6,'2018-06-23 17:42:47'),(2984,16,16,'2018-06-23 17:42:47'),(2985,16,18,'2018-06-23 17:42:47'),(2986,16,19,'2018-06-23 17:42:47'),(2987,16,21,'2018-06-23 17:42:47'),(2988,16,7,'2018-06-23 17:42:47'),(2989,16,8,'2018-06-23 17:42:47'),(2990,16,9,'2018-06-23 17:42:47'),(2991,16,10,'2018-06-23 17:42:47'),(2992,16,11,'2018-06-23 17:42:47'),(2993,16,13,'2018-06-23 17:42:47'),(2994,16,14,'2018-06-23 17:42:47'),(2995,16,15,'2018-06-23 17:42:47'),(2996,16,35,'2018-06-23 17:42:47'),(2997,16,36,'2018-06-23 17:42:47'),(2998,16,49,'2018-06-23 17:42:47'),(2999,16,28,'2018-06-23 17:42:47'),(3000,16,29,'2018-06-23 17:42:47'),(3001,16,30,'2018-06-23 17:42:47'),(3002,16,31,'2018-06-23 17:42:47'),(3003,16,38,'2018-06-23 17:42:47'),(3004,16,39,'2018-06-23 17:42:47'),(3005,16,33,'2018-06-23 17:42:47'),(3006,16,34,'2018-06-23 17:42:47'),(3007,16,42,'2018-06-23 17:42:47'),(3008,16,56,'2018-06-23 17:42:47'),(3009,16,37,'2018-06-23 17:42:47'),(3010,16,40,'2018-06-23 17:42:47'),(3011,16,41,'2018-06-23 17:42:47'),(3012,16,43,'2018-06-23 17:42:47'),(3013,16,45,'2018-06-23 17:42:47'),(3014,16,47,'2018-06-23 17:42:47'),(3015,16,48,'2018-06-23 17:42:47'),(3016,16,51,'2018-06-23 17:42:47'),(3017,16,52,'2018-06-23 17:42:47'),(3018,16,53,'2018-06-23 17:42:47'),(3019,16,54,'2018-06-23 17:42:47'),(3020,16,55,'2018-06-23 17:42:47'),(3021,16,44,'2018-06-23 17:42:47'),(3022,16,46,'2018-06-23 17:42:47'),(3023,16,63,'2018-06-23 17:42:47'),(3024,16,64,'2018-06-23 17:42:47'),(3025,16,65,'2018-06-23 17:42:47'),(3026,16,66,'2018-06-23 17:42:47'),(3027,16,67,'2018-06-23 17:42:47'),(3028,5,63,'2018-06-23 17:43:04'),(3029,5,64,'2018-06-23 17:43:04'),(3030,5,65,'2018-06-23 17:43:04'),(3031,5,66,'2018-06-23 17:43:04'),(3032,5,67,'2018-06-23 17:43:04'),(3033,4,63,'2018-06-23 17:43:08'),(3034,4,64,'2018-06-23 17:43:08'),(3035,4,65,'2018-06-23 17:43:08'),(3036,4,66,'2018-06-23 17:43:08'),(3037,4,67,'2018-06-23 17:43:08'),(3038,3,1,'2018-06-23 17:43:13'),(3039,3,2,'2018-06-23 17:43:13'),(3040,3,3,'2018-06-23 17:43:13'),(3041,3,6,'2018-06-23 17:43:13'),(3042,3,7,'2018-06-23 17:43:13'),(3043,3,8,'2018-06-23 17:43:13'),(3044,3,9,'2018-06-23 17:43:13'),(3045,3,63,'2018-06-23 17:43:13'),(3046,3,64,'2018-06-23 17:43:13'),(3047,3,65,'2018-06-23 17:43:13'),(3048,3,66,'2018-06-23 17:43:13'),(3049,3,67,'2018-06-23 17:43:13'),(3105,15,68,'2018-06-25 11:41:17'),(3106,16,68,'2018-06-25 11:41:19'),(3107,17,68,'2018-06-25 11:41:23'),(3111,15,69,'2018-06-25 14:08:32'),(3112,16,69,'2018-06-25 14:08:35'),(3113,17,69,'2018-06-25 14:08:39'),(3116,15,70,'2018-06-27 11:29:37'),(3117,16,70,'2018-06-27 11:29:41'),(3118,17,70,'2018-06-27 11:29:45'),(3409,1,1,'2018-06-29 17:20:00'),(3410,1,2,'2018-06-29 17:20:00'),(3411,1,3,'2018-06-29 17:20:00'),(3412,1,4,'2018-06-29 17:20:00'),(3413,1,5,'2018-06-29 17:20:00'),(3414,1,12,'2018-06-29 17:20:00'),(3415,1,20,'2018-06-29 17:20:00'),(3416,1,6,'2018-06-29 17:20:00'),(3417,1,16,'2018-06-29 17:20:00'),(3418,1,18,'2018-06-29 17:20:00'),(3419,1,19,'2018-06-29 17:20:00'),(3420,1,21,'2018-06-29 17:20:00'),(3421,1,7,'2018-06-29 17:20:00'),(3422,1,8,'2018-06-29 17:20:00'),(3423,1,9,'2018-06-29 17:20:00'),(3424,1,10,'2018-06-29 17:20:00'),(3425,1,11,'2018-06-29 17:20:00'),(3426,1,13,'2018-06-29 17:20:00'),(3427,1,14,'2018-06-29 17:20:00'),(3428,1,15,'2018-06-29 17:20:00'),(3429,1,35,'2018-06-29 17:20:00'),(3430,1,36,'2018-06-29 17:20:00'),(3431,1,49,'2018-06-29 17:20:00'),(3432,1,28,'2018-06-29 17:20:00'),(3433,1,29,'2018-06-29 17:20:00'),(3434,1,30,'2018-06-29 17:20:00'),(3435,1,31,'2018-06-29 17:20:00'),(3436,1,38,'2018-06-29 17:20:00'),(3437,1,39,'2018-06-29 17:20:00'),(3438,1,33,'2018-06-29 17:20:00'),(3439,1,34,'2018-06-29 17:20:00'),(3440,1,42,'2018-06-29 17:20:00'),(3441,1,56,'2018-06-29 17:20:00'),(3442,1,37,'2018-06-29 17:20:00'),(3443,1,40,'2018-06-29 17:20:00'),(3444,1,41,'2018-06-29 17:20:00'),(3445,1,57,'2018-06-29 17:20:00'),(3446,1,43,'2018-06-29 17:20:00'),(3447,1,45,'2018-06-29 17:20:00'),(3448,1,48,'2018-06-29 17:20:00'),(3449,1,50,'2018-06-29 17:20:00'),(3450,1,51,'2018-06-29 17:20:00'),(3451,1,52,'2018-06-29 17:20:00'),(3452,1,53,'2018-06-29 17:20:00'),(3453,1,54,'2018-06-29 17:20:00'),(3454,1,55,'2018-06-29 17:20:00'),(3455,1,44,'2018-06-29 17:20:00'),(3456,1,46,'2018-06-29 17:20:00'),(3457,1,63,'2018-06-29 17:20:00'),(3458,1,64,'2018-06-29 17:20:00'),(3459,1,65,'2018-06-29 17:20:00'),(3460,1,66,'2018-06-29 17:20:00'),(3461,1,67,'2018-06-29 17:20:00'),(3462,1,68,'2018-06-29 17:20:00'),(3463,1,69,'2018-06-29 17:20:00'),(3464,1,70,'2018-06-29 17:20:00'),(3772,2,1,'2018-06-29 17:49:24'),(3773,2,2,'2018-06-29 17:49:24'),(3774,2,3,'2018-06-29 17:49:24'),(3775,2,4,'2018-06-29 17:49:24'),(3776,2,5,'2018-06-29 17:49:24'),(3777,2,12,'2018-06-29 17:49:24'),(3778,2,20,'2018-06-29 17:49:24'),(3779,2,6,'2018-06-29 17:49:24'),(3780,2,16,'2018-06-29 17:49:24'),(3781,2,18,'2018-06-29 17:49:24'),(3782,2,19,'2018-06-29 17:49:24'),(3783,2,21,'2018-06-29 17:49:24'),(3784,2,7,'2018-06-29 17:49:24'),(3785,2,8,'2018-06-29 17:49:24'),(3786,2,9,'2018-06-29 17:49:24'),(3787,2,10,'2018-06-29 17:49:24'),(3788,2,11,'2018-06-29 17:49:24'),(3789,2,13,'2018-06-29 17:49:24'),(3790,2,14,'2018-06-29 17:49:24'),(3791,2,15,'2018-06-29 17:49:24'),(3792,2,35,'2018-06-29 17:49:24'),(3793,2,36,'2018-06-29 17:49:24'),(3794,2,49,'2018-06-29 17:49:24'),(3795,2,28,'2018-06-29 17:49:24'),(3796,2,29,'2018-06-29 17:49:24'),(3797,2,30,'2018-06-29 17:49:24'),(3798,2,31,'2018-06-29 17:49:24'),(3799,2,38,'2018-06-29 17:49:24'),(3800,2,39,'2018-06-29 17:49:24'),(3801,2,33,'2018-06-29 17:49:24'),(3802,2,34,'2018-06-29 17:49:24'),(3803,2,42,'2018-06-29 17:49:24'),(3804,2,56,'2018-06-29 17:49:24'),(3805,2,37,'2018-06-29 17:49:24'),(3806,2,40,'2018-06-29 17:49:24'),(3807,2,41,'2018-06-29 17:49:24'),(3808,2,57,'2018-06-29 17:49:24'),(3809,2,58,'2018-06-29 17:49:24'),(3810,2,43,'2018-06-29 17:49:24'),(3811,2,45,'2018-06-29 17:49:24'),(3812,2,47,'2018-06-29 17:49:24'),(3813,2,48,'2018-06-29 17:49:24'),(3814,2,50,'2018-06-29 17:49:24'),(3815,2,51,'2018-06-29 17:49:24'),(3816,2,52,'2018-06-29 17:49:24'),(3817,2,53,'2018-06-29 17:49:24'),(3818,2,54,'2018-06-29 17:49:24'),(3819,2,55,'2018-06-29 17:49:24'),(3820,2,59,'2018-06-29 17:49:24'),(3821,2,60,'2018-06-29 17:49:24'),(3822,2,61,'2018-06-29 17:49:24'),(3823,2,62,'2018-06-29 17:49:24'),(3824,2,44,'2018-06-29 17:49:24'),(3825,2,46,'2018-06-29 17:49:24'),(3826,2,63,'2018-06-29 17:49:24'),(3827,2,64,'2018-06-29 17:49:24'),(3828,2,65,'2018-06-29 17:49:24'),(3829,2,66,'2018-06-29 17:49:24'),(3830,2,67,'2018-06-29 17:49:24'),(3831,2,68,'2018-06-29 17:49:24'),(3832,2,69,'2018-06-29 17:49:24'),(3833,2,70,'2018-06-29 17:49:24');

/*Table structure for table `roles` */

DROP TABLE IF EXISTS `roles`;

CREATE TABLE `roles` (
  `id` int(10) unsigned NOT NULL AUTO_INCREMENT COMMENT '角色id',
  `name` varchar(20) DEFAULT NULL COMMENT '角色(用户组)名称',
  `explain` varchar(100) DEFAULT NULL,
  `createTime` datetime DEFAULT NULL COMMENT '角色创建时间',
  `lastUpdateTime` timestamp NOT NULL DEFAULT CURRENT_TIMESTAMP ON UPDATE CURRENT_TIMESTAMP COMMENT '最后一次操作时间',
  PRIMARY KEY (`id`)
) ENGINE=InnoDB AUTO_INCREMENT=25 DEFAULT CHARSET=utf8;

/*Data for the table `roles` */

insert  into `roles`(`id`,`name`,`explain`,`createTime`,`lastUpdateTime`) values (1,'辅导员',NULL,'2018-05-11 00:00:00','2018-05-11 00:00:00'),(2,'管理员',NULL,'2018-05-11 00:00:00','2018-05-11 00:00:00'),(3,'教员',NULL,'2018-05-11 00:00:00','2018-05-11 00:00:00'),(4,'学术经理',NULL,'2018-05-11 00:00:00','2018-05-11 00:00:00'),(5,'教质部经理',NULL,'2018-05-11 00:00:00','2018-05-11 00:00:00'),(6,'教务',NULL,'2018-05-11 00:00:00','2018-05-11 00:00:00'),(7,'研发专员',NULL,'2018-05-11 00:00:00','2018-05-11 00:00:00'),(8,'研发经理',NULL,'2018-05-11 00:00:00','2018-05-11 00:00:00'),(9,'助教',NULL,'2018-05-11 00:00:00','2018-05-11 00:00:00'),(10,'采集员',NULL,'2018-05-11 00:00:00','2018-05-11 00:00:00'),(11,'单词采集员',NULL,'2018-05-11 00:00:00','2018-05-11 00:00:00'),(12,'学生',NULL,'2018-05-11 00:00:00','2018-05-11 00:00:00'),(13,'总经理',NULL,'2018-05-11 00:00:00','2018-05-11 00:00:00'),(14,'项目主任',NULL,'2018-05-11 00:00:00','2018-05-11 00:00:00'),(15,'咨询师经理',NULL,'2018-05-11 00:00:00','2018-05-28 18:20:54'),(16,'网络咨询师',NULL,'2018-05-11 00:00:00','2018-05-28 18:21:08'),(17,'咨询师',NULL,'2018-05-11 00:00:00','2018-05-29 20:48:16'),(22,'爱打打',NULL,'2018-05-30 09:54:49','2018-05-30 09:54:49');

/*Table structure for table `signin` */

DROP TABLE IF EXISTS `signin`;

CREATE TABLE `signin` (
  `id` int(10) unsigned NOT NULL AUTO_INCREMENT COMMENT '签到表ID',
  `userId` int(11) unsigned NOT NULL COMMENT '用户表外键id',
  `signState` enum('已签到','已签退','未签到') DEFAULT '未签到' COMMENT '签到状态',
  `signTime` datetime DEFAULT NULL COMMENT '签到时间',
  `signOutTime` datetime DEFAULT NULL COMMENT '签退时间',
  `lastUpdateTime` timestamp NOT NULL DEFAULT CURRENT_TIMESTAMP COMMENT '最后一次操作时间',
  `signStar` varchar(50) DEFAULT '否' COMMENT '是否早退',
  `signStars` varchar(50) DEFAULT '否' COMMENT '是否迟到',
  PRIMARY KEY (`id`),
  KEY `FK_signin_userId` (`userId`),
  CONSTRAINT `FK_signin_userId` FOREIGN KEY (`userId`) REFERENCES `users` (`id`) ON DELETE CASCADE ON UPDATE CASCADE
) ENGINE=InnoDB AUTO_INCREMENT=177 DEFAULT CHARSET=utf8;

/*Data for the table `signin` */

insert  into `signin`(`id`,`userId`,`signState`,`signTime`,`signOutTime`,`lastUpdateTime`,`signStar`,`signStars`) values (1,1,'已签退','2018-06-04 19:00:50','2018-06-04 19:01:35','2018-06-04 19:00:50','是','是'),(2,17,'已签退','2018-06-05 13:28:06','2018-06-05 13:28:12','2018-06-05 13:28:06','否','否'),(3,1,'已签退','2018-06-05 22:55:56','2018-06-05 22:56:00','2018-06-05 22:55:56','否','是'),(4,18,'已签退','2018-06-05 22:56:28','2018-06-05 22:56:32','2018-06-05 22:56:28','否','否'),(5,1,'已签退','2018-06-06 16:30:54','2018-06-06 16:30:59','2018-06-06 16:30:54','否','否'),(6,17,'已签退','2018-06-06 16:31:14','2018-06-06 16:31:18','2018-06-06 16:31:14','否','否'),(7,19,'已签退','2018-06-06 16:31:29','2018-06-06 16:31:35','2018-06-06 16:31:29','否','否'),(8,20,'已签退','2018-06-06 16:31:45','2018-06-06 16:31:49','2018-06-06 16:31:45','否','否'),(9,21,'已签退','2018-06-06 16:32:02','2018-06-06 16:32:07','2018-06-06 16:32:02','否','否'),(10,16,'已签退','2018-06-06 16:32:17','2018-06-06 16:32:23','2018-06-06 16:32:17','否','否'),(11,3,'已签退','2018-06-06 16:33:00','2018-06-06 16:40:22','2018-06-06 16:33:00','否','否'),(12,1,'已签退','2018-06-07 23:19:21','2018-06-07 23:19:35','2018-06-07 23:19:21','是','是'),(13,17,'已签到','2018-06-07 23:19:49',NULL,'2018-06-07 23:19:49','否','否'),(14,18,'已签到','2018-06-07 23:23:26',NULL,'2018-06-07 23:23:26','否','否'),(15,19,'已签到','2018-06-07 23:23:59',NULL,'2018-06-07 23:23:59','否','否'),(16,1,'已签到','2018-05-06 16:33:00',NULL,'2018-06-07 22:24:02','否','否'),(17,2,'已签退','2018-05-06 16:33:00','2018-05-06 18:33:00','2018-06-07 22:24:36','否','否'),(18,3,'已签到','2018-05-06 08:33:00',NULL,'2018-06-07 22:25:47','否','否'),(19,4,'已签到','2018-05-07 08:33:00',NULL,'2018-06-07 22:26:22','否','否'),(20,1,'已签到','2018-05-07 08:33:00',NULL,'2018-06-07 22:26:40','否','否'),(21,5,'已签退','2018-05-07 08:33:00','2018-05-07 08:38:00','2018-06-07 22:26:51','否','否'),(22,3,'已签退','2018-05-07 08:33:00','2018-05-07 08:38:00','2018-06-07 22:27:23','否','否'),(23,4,'已签退','2018-05-06 08:33:00','2018-05-07 08:38:00','2018-06-07 22:27:36','否','否'),(24,12,'已签退','2018-05-07 08:33:00','2018-05-07 08:38:00','2018-06-07 22:27:58','否','否'),(25,16,'已签到','2018-05-07 08:33:00',NULL,'2018-06-07 22:28:27','否','否'),(26,29,'已签退','2018-05-07 08:33:00','2018-05-07 08:38:00','2018-06-07 22:29:32','否','否'),(27,30,'已签退','2018-05-07 08:38:00','2018-05-07 08:40:00','2018-06-07 22:30:36','否','否'),(28,31,'已签到','2018-05-07 08:38:00',NULL,'2018-06-07 22:31:13','否','否'),(29,32,'已签退','2018-05-07 08:38:00','2018-05-07 08:40:00','2018-06-07 22:31:24','否','否'),(30,1,'已签到','2018-04-07 08:38:00',NULL,'2018-06-07 22:32:34','否','否'),(31,2,'已签到','2018-04-07 08:38:00',NULL,'2018-06-07 22:32:41','否','否'),(32,3,'已签退','2018-04-07 08:38:00','2018-04-07 11:38:00','2018-06-07 22:33:02','否','否'),(33,4,'已签退','2018-04-07 08:38:00','2018-04-07 08:50:00','2018-06-07 22:33:17','否','否'),(34,5,'已签到','2018-04-07 08:38:00',NULL,'2018-06-07 22:33:57','否','否'),(35,9,'已签退','2018-04-07 08:38:00','2018-04-07 12:38:00','2018-06-07 22:34:39','否','否'),(36,10,'已签到','2018-04-07 08:38:00',NULL,'2018-06-07 22:35:05','否','否'),(37,12,'已签到','2018-04-07 08:38:00',NULL,'2018-06-07 22:35:19','否','否'),(38,16,'已签退','2018-04-07 08:38:00','2018-04-07 14:38:00','2018-06-07 22:35:42','否','否'),(39,17,'已签退','2018-04-07 08:38:00','2018-04-07 15:38:00','2018-06-07 22:36:01','否','否'),(40,18,'已签到','2018-04-07 08:38:00',NULL,'2018-06-07 22:36:12','否','否'),(41,19,'已签退','2018-04-07 08:38:00','2018-04-07 08:38:05','2018-06-07 22:36:20','否','否'),(42,20,'已签退','2018-04-07 08:38:00','2018-04-07 08:38:10','2018-06-07 22:36:36','否','否'),(43,21,'已签到','2018-04-07 08:38:00',NULL,'2018-06-07 22:36:46','否','否'),(44,27,'已签到','2018-04-07 08:38:00',NULL,'2018-06-07 22:37:57','否','否'),(45,28,'已签到','2018-04-07 08:38:00',NULL,'2018-06-07 22:38:15','否','否'),(52,33,'已签到','2018-05-05 13:28:06',NULL,'2018-06-07 23:06:56','否','否'),(53,34,'已签退','2018-05-05 13:28:06','2018-06-05 13:28:06','2018-06-07 23:07:59','否','否'),(54,35,'已签到','2018-05-05 13:28:06',NULL,'2018-06-07 23:07:59','否','否'),(55,36,'已签退','2018-05-05 13:28:06','2018-06-05 13:28:06','2018-06-07 23:07:59','否','否'),(56,37,'已签到','2018-05-05 13:28:06',NULL,'2018-06-07 23:07:59','否','否'),(57,38,'已签退','2018-05-05 13:28:06','2018-06-05 13:28:06','2018-06-07 23:07:59','否','否'),(58,39,'已签到','2018-05-05 13:28:06',NULL,'2018-06-07 23:07:59','否','否'),(59,40,'已签退','2018-05-05 13:28:06','2018-06-05 13:28:06','2018-06-07 23:07:59','否','否'),(60,41,'已签到','2018-05-05 13:28:06',NULL,'2018-06-07 23:07:59','否','否'),(61,42,'已签退','2018-05-05 13:28:06','2018-06-05 13:28:06','2018-06-07 23:07:59','否','否'),(62,33,'已签到','2018-04-05 13:29:06',NULL,'2018-06-07 23:11:33','否','否'),(63,34,'已签退','2018-04-05 13:30:06','2018-04-05 14:28:06','2018-06-07 23:11:33','否','否'),(64,35,'已签到','2018-04-05 13:18:06',NULL,'2018-06-07 23:11:33','否','否'),(65,36,'已签退','2018-04-05 13:54:06','2018-04-05 15:28:06','2018-06-07 23:11:33','否','否'),(66,37,'已签到','2018-04-05 13:34:06',NULL,'2018-06-07 23:11:33','否','否'),(67,38,'已签退','2018-04-05 13:45:06','2018-04-05 16:28:06','2018-06-07 23:11:33','否','否'),(68,39,'已签到','2018-04-05 13:45:06',NULL,'2018-06-07 23:11:33','否','否'),(69,40,'已签退','2018-04-05 13:45:06','2018-04-05 17:28:06','2018-06-07 23:11:33','否','否'),(70,41,'已签到','2018-04-05 13:34:06',NULL,'2018-06-07 23:11:33','否','否'),(71,42,'已签退','2018-04-05 13:15:06','2018-04-05 18:28:06','2018-06-07 23:11:33','否','否'),(72,1,'已签到','2018-03-05 13:28:06',NULL,'2018-06-07 23:18:27','否','否'),(73,2,'已签退','2018-03-05 13:12:06','2018-03-05 14:28:06','2018-06-07 23:18:27','否','否'),(74,3,'已签到','2018-03-05 13:13:06',NULL,'2018-06-07 23:18:27','否','否'),(75,4,'已签退','2018-03-05 13:14:06','2018-03-05 15:28:06','2018-06-07 23:18:27','否','否'),(76,5,'已签到','2018-03-05 13:15:06',NULL,'2018-06-07 23:18:27','否','否'),(77,9,'已签退','2018-03-05 13:16:06','2018-03-05 16:28:06','2018-06-07 23:18:27','否','否'),(78,10,'已签到','2018-03-05 13:17:06',NULL,'2018-06-07 23:18:27','否','否'),(79,12,'已签退','2018-03-05 13:18:06','2018-03-05 17:28:06','2018-06-07 23:18:27','否','否'),(80,16,'已签到','2018-03-05 13:19:06',NULL,'2018-06-07 23:18:27','否','否'),(81,17,'已签退','2018-03-05 13:20:06','2018-03-05 18:28:06','2018-06-07 23:18:27','否','否'),(82,18,'已签到','2018-03-05 13:21:06',NULL,'2018-06-07 23:18:27','否','否'),(83,19,'已签退','2018-03-05 13:22:06','2018-03-05 19:28:06','2018-06-07 23:18:27','否','否'),(84,20,'已签到','2018-03-05 13:23:06',NULL,'2018-06-07 23:18:27','否','否'),(85,21,'已签退','2018-03-05 13:24:06','2018-03-05 20:28:06','2018-06-07 23:18:27','否','否'),(86,27,'已签到','2018-03-05 13:25:06',NULL,'2018-06-07 23:18:27','否','否'),(87,28,'已签退','2018-03-05 13:26:06','2018-03-05 21:28:06','2018-06-07 23:18:27','否','否'),(88,29,'已签到','2018-03-05 13:27:06',NULL,'2018-06-07 23:18:27','否','否'),(89,30,'已签退','2018-03-05 13:28:06','2018-03-05 22:28:06','2018-06-07 23:18:27','否','否'),(90,31,'已签到','2018-03-05 13:28:06',NULL,'2018-06-07 23:18:27','否','否'),(91,32,'已签退','2018-03-05 13:29:06','2018-03-05 23:28:06','2018-06-07 23:18:27','否','否'),(92,33,'已签到','2018-03-05 13:30:06',NULL,'2018-06-07 23:18:27','否','否'),(93,34,'已签退','2018-03-05 13:31:06','2018-03-05 14:58:06','2018-06-07 23:18:27','否','否'),(94,35,'已签到','2018-03-05 13:32:06',NULL,'2018-06-07 23:18:27','否','否'),(95,36,'已签退','2018-03-05 13:33:06','2018-03-05 14:38:06','2018-06-07 23:18:27','否','否'),(96,37,'已签到','2018-03-05 13:31:06',NULL,'2018-06-07 23:18:27','否','否'),(97,38,'已签退','2018-03-05 13:35:06','2018-03-05 14:48:06','2018-06-07 23:18:27','否','否'),(98,39,'已签到','2018-03-05 13:36:06',NULL,'2018-06-07 23:18:27','否','否'),(99,40,'已签退','2018-03-05 13:37:06','2018-03-05 14:28:06','2018-06-07 23:18:27','否','否'),(100,41,'已签到','2018-03-05 13:38:06',NULL,'2018-06-07 23:18:27','否','否'),(101,42,'已签退','2018-03-05 13:39:06','2018-03-05 14:18:06','2018-06-07 23:18:27','否','否'),(102,1,'已签到','2018-02-05 13:28:06',NULL,'2018-06-07 23:21:51','否','否'),(103,2,'已签退','2018-02-05 13:12:06','2018-02-05 14:28:06','2018-06-07 23:21:51','否','否'),(104,3,'已签到','2018-02-05 13:13:06',NULL,'2018-06-07 23:21:51','否','否'),(105,4,'已签退','2018-02-05 13:14:06','2018-02-05 15:28:06','2018-06-07 23:21:51','否','否'),(106,5,'已签到','2018-02-05 13:15:06',NULL,'2018-06-07 23:21:51','否','否'),(107,9,'已签退','2018-02-05 13:16:06','2018-02-05 16:28:06','2018-06-07 23:21:51','否','否'),(108,10,'已签到','2018-02-05 13:17:06',NULL,'2018-06-07 23:21:51','否','否'),(109,12,'已签退','2018-02-05 13:18:06','2018-02-05 17:28:06','2018-06-07 23:21:51','否','否'),(110,16,'已签到','2018-02-05 13:19:06',NULL,'2018-06-07 23:21:51','否','否'),(111,17,'已签退','2018-02-05 13:20:06','2018-02-05 18:28:06','2018-06-07 23:21:51','否','否'),(112,18,'已签到','2018-02-05 13:21:06',NULL,'2018-06-07 23:21:51','否','否'),(113,19,'已签退','2018-02-05 13:22:06','2018-02-05 19:28:06','2018-06-07 23:21:51','否','否'),(114,20,'已签到','2018-02-05 13:23:06',NULL,'2018-06-07 23:21:51','否','否'),(115,21,'已签退','2018-02-05 13:24:06','2018-02-05 20:28:06','2018-06-07 23:21:51','否','否'),(116,27,'已签到','2018-02-05 13:25:06',NULL,'2018-06-07 23:21:51','否','否'),(117,28,'已签退','2018-02-05 13:26:06','2018-02-05 21:28:06','2018-06-07 23:21:51','否','否'),(118,29,'已签到','2018-02-05 13:27:06',NULL,'2018-06-07 23:21:51','否','否'),(119,30,'已签退','2018-02-05 13:28:06','2018-02-05 22:28:06','2018-06-07 23:21:51','否','否'),(120,31,'已签到','2018-02-05 13:28:06',NULL,'2018-06-07 23:21:51','否','否'),(121,32,'已签退','2018-02-05 13:29:06','2018-02-05 23:28:06','2018-06-07 23:21:51','否','否'),(122,33,'已签到','2018-02-05 13:30:06',NULL,'2018-06-07 23:21:51','否','否'),(123,34,'已签退','2018-02-05 13:31:06','2018-02-05 14:58:06','2018-06-07 23:21:51','否','否'),(124,35,'已签到','2018-02-05 13:32:06',NULL,'2018-06-07 23:21:51','否','否'),(125,36,'已签退','2018-02-05 13:33:06','2018-02-05 14:38:06','2018-06-07 23:21:51','否','否'),(126,37,'已签到','2018-02-05 13:31:06',NULL,'2018-06-07 23:21:51','否','否'),(127,38,'已签退','2018-02-05 13:35:06','2018-02-05 14:48:06','2018-06-07 23:21:51','否','否'),(128,39,'已签到','2018-02-05 13:36:06',NULL,'2018-06-07 23:21:51','否','否'),(129,40,'已签退','2018-02-05 13:37:06','2018-02-05 14:28:06','2018-06-07 23:21:51','否','否'),(130,41,'已签到','2018-02-05 13:38:06',NULL,'2018-06-07 23:21:51','否','否'),(131,1,'已签到','2018-01-05 13:28:06',NULL,'2018-06-07 23:23:45','否','否'),(132,2,'已签退','2018-01-05 13:12:06','2018-01-05 14:28:06','2018-06-07 23:23:45','否','否'),(133,3,'已签到','2018-01-05 13:13:06',NULL,'2018-06-07 23:23:45','否','否'),(134,4,'已签退','2018-01-05 13:14:06','2018-01-05 15:28:06','2018-06-07 23:23:45','否','否'),(135,5,'已签到','2018-01-05 13:15:06',NULL,'2018-06-07 23:23:45','否','否'),(136,9,'已签退','2018-01-05 13:16:06','2018-01-05 16:28:06','2018-06-07 23:23:45','否','否'),(137,10,'已签到','2018-01-05 13:17:06',NULL,'2018-06-07 23:23:45','否','否'),(138,12,'已签退','2018-01-05 13:18:06','2018-01-05 17:28:06','2018-06-07 23:23:45','否','否'),(139,16,'已签到','2018-01-05 13:19:06',NULL,'2018-06-07 23:23:45','否','否'),(140,17,'已签退','2018-01-05 13:20:06','2018-01-05 18:28:06','2018-06-07 23:23:45','否','否'),(141,18,'已签到','2018-01-05 13:21:06',NULL,'2018-06-07 23:23:45','否','否'),(142,19,'已签退','2018-01-05 13:22:06','2018-01-05 19:28:06','2018-06-07 23:23:45','否','否'),(143,20,'已签到','2018-01-05 13:23:06',NULL,'2018-06-07 23:23:45','否','否'),(144,21,'已签退','2018-01-05 13:24:06','2018-01-05 20:28:06','2018-06-07 23:23:45','否','否'),(145,27,'已签到','2018-01-05 13:25:06',NULL,'2018-06-07 23:23:45','否','否'),(146,28,'已签退','2018-01-05 13:26:06','2018-01-05 21:28:06','2018-06-07 23:23:45','否','否'),(147,29,'已签到','2018-01-05 13:27:06',NULL,'2018-06-07 23:23:45','否','否'),(148,30,'已签退','2018-01-05 13:28:06','2018-01-05 22:28:06','2018-06-07 23:23:45','否','否'),(149,31,'已签到','2018-01-05 13:28:06',NULL,'2018-06-07 23:23:45','否','否'),(150,32,'已签退','2018-01-05 13:29:06','2018-01-05 23:28:06','2018-06-07 23:23:45','否','否'),(151,33,'已签到','2018-01-05 13:30:06',NULL,'2018-06-07 23:23:45','否','否'),(152,34,'已签退','2018-01-05 13:31:06','2018-01-05 14:58:06','2018-06-07 23:23:45','否','否'),(153,35,'已签到','2018-01-05 13:32:06',NULL,'2018-06-07 23:23:45','否','否'),(154,36,'已签退','2018-01-05 13:33:06','2018-01-05 14:38:06','2018-06-07 23:23:45','否','否'),(155,37,'已签到','2018-01-05 13:31:06',NULL,'2018-06-07 23:23:45','否','否'),(156,38,'已签退','2018-01-05 13:35:06','2018-01-05 14:48:06','2018-06-07 23:23:45','否','否'),(157,39,'已签到','2018-01-05 13:36:06',NULL,'2018-06-07 23:23:45','否','否'),(158,40,'已签退','2018-01-05 13:37:06','2018-01-05 14:28:06','2018-06-07 23:23:45','否','否'),(159,41,'已签退','2018-01-05 13:38:06','2018-06-08 08:52:06','2018-06-07 23:23:45','否','否'),(160,42,'已签退','2018-01-05 13:37:06','2018-01-05 14:28:06','2018-06-07 23:23:45','否','否'),(161,43,'已签退','2018-01-05 13:38:06','2018-06-08 08:52:01','2018-06-07 23:23:45','否','否'),(162,1,'已签到','2018-06-09 12:22:46',NULL,'2018-06-09 12:22:46','否','否'),(163,1,'已签到','2018-06-10 23:06:25',NULL,'2018-06-10 23:06:25','否','否'),(164,17,'已签到','2018-06-10 23:12:10',NULL,'2018-06-10 23:12:10','否','否'),(165,1,'已签到','2018-06-11 08:32:53',NULL,'2018-06-11 08:32:53','否','否'),(166,17,'已签退','2018-06-11 10:52:05','2018-06-11 10:57:19','2018-06-11 10:52:05','否','否'),(167,18,'已签退','2018-06-11 11:02:02','2018-06-11 11:02:15','2018-06-11 11:02:02','否','否'),(168,1,'已签退','2018-06-12 20:45:13','2018-06-12 20:45:19','2018-06-12 20:45:13','否','否'),(169,1,'已签退','2018-06-20 23:51:11','2018-06-20 23:55:11','2018-06-20 23:51:11','否','否'),(170,1,'已签退','2018-06-22 16:21:33','2018-06-22 21:29:31','2018-06-22 16:21:33','否','是'),(171,3,'已签到','2018-06-22 21:32:15',NULL,'2018-06-22 21:32:15','否','否'),(172,1,'已签到','2018-06-27 12:00:27',NULL,'2018-06-27 12:00:27','否','是'),(175,1,'已签退','2018-06-29 17:25:19','2018-06-29 17:50:21','2018-06-29 17:25:19','是','是'),(176,72,'已签到','2018-06-29 17:26:16',NULL,'2018-06-29 17:26:16','否','是');

/*Table structure for table `students` */

DROP TABLE IF EXISTS `students`;

CREATE TABLE `students` (
  `id` int(11) NOT NULL AUTO_INCREMENT COMMENT '学生编号',
  `name` varchar(50) NOT NULL COMMENT '学员姓名',
  `age` int(11) DEFAULT NULL COMMENT '年龄',
  `sex` varchar(50) DEFAULT NULL COMMENT '性别 ',
  `phone` varchar(50) DEFAULT NULL COMMENT '学员电话',
  `stuStatus` varchar(50) DEFAULT NULL COMMENT '学历',
  `perState` varchar(50) DEFAULT NULL COMMENT '个人状态',
  `msgSource` varchar(50) DEFAULT NULL COMMENT '来源渠道',
  `sourceUrl` varchar(100) DEFAULT NULL COMMENT '来源网址',
  `sourceKeyWord` varchar(100) DEFAULT NULL COMMENT '来源关键词',
  `address` varchar(100) DEFAULT NULL COMMENT '所在区域',
  `netPusherId` int(10) DEFAULT NULL COMMENT '网络咨询Id',
  `askerId` varchar(100) DEFAULT NULL COMMENT '咨询师Id',
  `qq` varchar(50) DEFAULT NULL COMMENT '学员QQ',
  `weiXin` varchar(50) DEFAULT NULL COMMENT '学员微信',
  `content` varchar(2000) DEFAULT NULL COMMENT '备注',
  `createTime` datetime DEFAULT NULL COMMENT '创建时间',
  `learnForward` varchar(100) DEFAULT '--请选择--' COMMENT '课程方向',
  `isValid` varchar(50) DEFAULT '待定' COMMENT '是否有效',
  `record` varchar(100) DEFAULT NULL COMMENT '打分',
  `isReturnVist` varchar(50) DEFAULT '否' COMMENT '是否回访',
  `firstVisitTime` timestamp NULL DEFAULT NULL COMMENT '首次回访时间',
  `isHome` varchar(50) NOT NULL DEFAULT '否' COMMENT '是否上门',
  `homeTime` timestamp NULL DEFAULT NULL COMMENT '上门时间',
  `lostValid` varchar(2000) DEFAULT NULL COMMENT '无效原因',
  `isPay` varchar(50) DEFAULT '否' COMMENT '是否付款',
  `payTime` timestamp NULL DEFAULT NULL COMMENT '付款时间',
  `money` double DEFAULT '0' COMMENT '付款金额',
  `isReturnMoney` varchar(50) DEFAULT '否' COMMENT '是否退费',
  `isInClass` varchar(50) DEFAULT '否' COMMENT '是否进班',
  `inClassTime` timestamp NULL DEFAULT NULL COMMENT '进班时间',
  `inClassContent` varchar(2000) DEFAULT NULL COMMENT '进班备注',
  `askerContent` varchar(2000) DEFAULT NULL COMMENT '咨询师备注',
  `isDel` varchar(50) DEFAULT '否' COMMENT '是否删除',
  `fromPart` varchar(100) DEFAULT NULL COMMENT '来源部门',
  `stuConcern` varchar(100) DEFAULT NULL COMMENT '学员关注',
  `isBaoBei` varchar(50) DEFAULT NULL COMMENT '是否报备',
  `ziXunName` varchar(50) DEFAULT NULL COMMENT '咨询师填写的姓名',
  `createUser` varchar(50) DEFAULT NULL COMMENT '录入人姓名',
  `returnMoneyReason` varchar(2000) DEFAULT NULL COMMENT '退费原因',
  `preMoney` double DEFAULT '0' COMMENT '预付定金',
  `preMoneyTime` timestamp NULL DEFAULT NULL COMMENT '预付定金时间',
  PRIMARY KEY (`id`,`isHome`),
  KEY `FK_students_askerId` (`askerId`)
) ENGINE=InnoDB AUTO_INCREMENT=43 DEFAULT CHARSET=utf8;

/*Data for the table `students` */

insert  into `students`(`id`,`name`,`age`,`sex`,`phone`,`stuStatus`,`perState`,`msgSource`,`sourceUrl`,`sourceKeyWord`,`address`,`netPusherId`,`askerId`,`qq`,`weiXin`,`content`,`createTime`,`learnForward`,`isValid`,`record`,`isReturnVist`,`firstVisitTime`,`isHome`,`homeTime`,`lostValid`,`isPay`,`payTime`,`money`,`isReturnMoney`,`isInClass`,`inClassTime`,`inClassContent`,`askerContent`,`isDel`,`fromPart`,`stuConcern`,`isBaoBei`,`ziXunName`,`createUser`,`returnMoneyReason`,`preMoney`,`preMoneyTime`) values (1,'张三',20,'男','13512313131','大专','待业','百度移动端','职英A站','王哈哈','南阳',21,'咨询师3','1311313','131313','已备注。。。阿萨德','2017-03-21 10:22:08','--请选择--','待定','A','是','2017-03-16 16:06:41','是','2017-03-12 16:06:56',NULL,'是','2017-03-23 16:06:32',0,'否','是','2017-03-10 16:06:47',NULL,'按时','是','网络','课程','否','咨询师3','网络咨询师',NULL,0,'2017-03-22 16:06:26'),(2,'张三2',18,'男','15711111111','高中','在读','百度','职英A站','新闻','郑州',21,'咨询师3','3545353','131313','已备注。。。','2017-03-14 16:37:15','网络营销','待定','B','是','2018-06-05 10:41:01','否',NULL,NULL,'否',NULL,0,'否','否',NULL,NULL,NULL,'是','网络','课程','是','咨询师3','网络咨询师',NULL,0,NULL),(3,'张三',20,'男','13552143099','高中','在读','百度','高考站','互联网+','郑州',21,'咨询师1','123456','123456','在读学生张三有意向软件开发工作。。。','2017-03-23 11:31:23','软件开发','待定','C','否',NULL,'否',NULL,NULL,'否',NULL,0,'否','否',NULL,NULL,NULL,'是','就业','就业','是','咨询师1','网络咨询师',NULL,0,NULL),(4,'张三三',20,'男','13588888888','高中','在读','百度','职英B站','互联网+','郑州',21,'咨询师2','123456','456789','张三三同学想学习软件开发。。。','2017-03-23 11:47:23','软件开发','否','A','是','2017-05-04 17:38:50','是','2017-05-04 17:38:52','已离校??','是','2017-05-04 17:38:55',10000,'是','是','2017-05-04 17:38:58','备注。。。。','你好啊.....','否','就业','就业','是','咨询师2','网络咨询师','暂无',1000,'2017-05-04 17:38:54'),(5,'李四',26,'女','15766666666','高中','在读','360','职英B站','软件开发','洛阳',21,'咨询师2','123456','234567','已在线备注完成。。。','2017-03-23 16:33:49','网络营销','待定','C','是','2017-03-23 16:35:38','是','2017-03-12 16:35:27','','是','2017-03-22 16:35:43',20000,'否','是','2017-03-21 16:35:53','备注。。。。','咨询师已备注...','否','市场','就业','是','咨询师2','网络咨询师','',2000,'2017-03-21 16:35:24'),(6,'小红',18,'女','15888888888','高中','在读','360','高考站','云时代','洛阳',21,'咨询师2','123456','234567','在读生小红咨询了公司的培训流程以及就业前景。','2017-03-28 11:09:39','软件设计','待定','A','否',NULL,'否',NULL,NULL,'否',NULL,0,'否','否',NULL,NULL,NULL,'否','市场','学费','是','咨询师2','网络咨询师',NULL,0,NULL),(7,'小明',22,'男','15888888666','大专','待业','百度','职英A站','软件工程师','开封',21,'咨询师2','2345678','123456','大专生小明了解了咱们公司的课程信息和就业前景。','2017-03-28 11:13:17','软件开发','待定','A','是','2017-03-21 14:56:25','是','2017-03-26 14:56:31','','是','2017-03-28 14:56:54',10000,'否','是','2017-03-30 14:57:07','已进班学习','信息已录入完毕。。。。','否','就业','就业','否','咨询师2','网络咨询师','',1000,'2017-03-27 14:56:45'),(8,'王二',25,'男','15866666666','其它','待业','搜狗','其它','互联网改变生活','南阳',21,'咨询师3','123456','666666','王二了解了公司的课程以及就业方向。','2017-03-28 11:42:34','学术','待定','D','否',NULL,'否',NULL,NULL,'否',NULL,0,'否','否',NULL,NULL,NULL,'否','市场','就业','是','咨询师2','网络咨询师',NULL,0,NULL),(9,'小李',30,'男','13588886666','本科','在读','百度移动端','其它','互联网+时代','郑州',21,'咨询师1','123456789','34567','研究生小李想从事软件开发的工作 ，有意向咱们公司的软件培训。','2017-03-29 14:50:40','就业','待定','A','否',NULL,'否',NULL,NULL,'否',NULL,0,'否','否',NULL,NULL,NULL,'否','就业','就业','否','咨询师2','网络咨询师',NULL,0,NULL),(10,'阿飞',28,'男','13588885555','本科','待业','百度移动端','其它','互联网+时代','郑州',21,'咨询师3','123456789','34567','阿飞想从事软件开发的工作 ，有意向咱们公司的软件培训。','2017-03-29 14:55:54','软件开发','是','A','是','2017-03-16 08:58:36','是','2017-03-20 08:58:42','','是','2017-03-30 08:59:03',8000,'否','否',NULL,'','冯飞费用已缴纳，近期可以进班学习。。。','否','就业','就业','否','咨询师1','网络咨询师','',600,'2017-03-27 08:58:53'),(11,'小毛',28,'男','13588885555','本科','待业','百度移动端','其它','互联网+时代','郑州',21,'咨询师3','123456789','34567','想从事软件开发的工作 ，有意向咱们公司的软件培训。','2017-03-29 15:00:08','软件开发','待定','A','否',NULL,'否',NULL,NULL,'否',NULL,0,'否','否',NULL,NULL,NULL,'否','就业','就业','否','咨询师2','网络咨询师',NULL,0,NULL),(12,'小黄',28,'男','13588885555','本科','待业','百度移动端','其它','互联网+时代','郑州',21,'咨询师1','123456789','34567','想从事软件开发的工作 ，有意向咱们公司的软件培训。','2017-03-29 15:04:44','软件开发','是','A','是','2017-04-18 10:30:54','是','2017-04-20 10:31:04','','是','2017-04-24 10:31:19',16000,'否','否',NULL,'','跟踪完毕，近期可以进班。。。','否','就业','就业','否','咨询师3','网络咨询师','',100,'2017-04-23 10:31:13'),(13,'小绿',28,'男','13588885555','本科','待业','百度移动端','其它','互联网+时代','郑州',21,'咨询师2','123456789','34567','想从事软件开发的工作 ，有意向咱们公司的软件培训。','2017-03-29 15:08:15','网络营销','待定','A','否',NULL,'否',NULL,NULL,'否',NULL,0,'否','否',NULL,NULL,NULL,'否','就业','就业','否','咨询师2','网络咨询师',NULL,0,NULL),(14,'小黑',28,'男','13588885555','本科','待业','百度移动端','其它','互联网+时代','郑州',21,'咨询师3','123456789','34567','想从事软件开发的工作 ，有意向咱们公司的软件培训。','2017-03-29 15:09:30','网络营销','是','B','是','2017-03-16 10:45:36','否',NULL,'','是','2017-03-29 10:45:56',6000,'否','否',NULL,'','陈黑同学费用以及缴纳，近期可进班学习。','否','就业','就业','否','咨询师2','网络咨询师','',800,'2017-03-28 10:45:46'),(15,'小白',28,'男','13588885555','本科','待业','百度移动端','其它','互联网+时代','郑州',21,'咨询师3','123456789','34567','想从事软件开发的工作 ，有意向咱们公司的软件培训。','2017-03-29 15:24:37','软件设计','待定','D','否',NULL,'否',NULL,NULL,'否',NULL,0,'否','否',NULL,NULL,NULL,'否','就业','就业','否','咨询师3','网络咨询师',NULL,0,NULL),(16,'麻六',27,'男','15866666666','本科','待业','微信','职英B站','人工智能','新乡',21,'咨询师4','242424242','131313','麻六有意向互联网开发。','2017-03-31 11:58:46','--请选择--','待定',NULL,'否',NULL,'否',NULL,NULL,'否',NULL,0,'否','否',NULL,NULL,NULL,'否','市场','就业','否','咨询师4','网络咨询师',NULL,0,NULL),(17,'小华',30,'男','15866666666','大专','待业','360移动端','高考站','创客','其它',21,'咨询师4','13131313','131313','小华想了解互联网创业。。。','2017-03-31 17:57:24','--请选择--','待定',NULL,'否',NULL,'否',NULL,NULL,'否',NULL,0,'否','否',NULL,NULL,NULL,'否','就业','就业','否','咨询师4','网络咨询师',NULL,0,NULL),(18,'小龙',20,'男','13588888888','本科','在读','搜狗移动端','职英B站','软件开发','郑州',21,'咨询师2','131313','454545','小龙有意向从事软件开发行业，想来在咱们学校学习。。','2017-04-01 10:22:40','--请选择--','待定',NULL,'否',NULL,'否',NULL,NULL,'否',NULL,0,'否','否',NULL,NULL,NULL,'否','学术','课程','否','咨询师2','网络咨询师',NULL,0,NULL),(19,'小芳',28,'女','13566668888','本科','在职','百度移动端','职英B站','云计算','郑州',21,'咨询师3','123456','234567','在读本科生小芳通过市场就业部了解了公司的软件开发课程。','2017-04-05 09:05:30','软件开发','待定','B','是','2017-03-30 09:21:29','是','2017-04-02 09:22:36','','否',NULL,0,'否','否',NULL,'','','否','就业','就业','否','咨询师3','网络咨询师','',100,'2017-04-03 09:22:49'),(20,'李刚',30,'男','13566666666','本科','在职','百度','职英A站','网络','郑州',21,'咨询师2','131313','1313131','撒发发发','2017-05-05 08:48:05','--请选择--','待定',NULL,'否',NULL,'否',NULL,NULL,'否',NULL,0,'否','否',NULL,NULL,NULL,'否','教质','学时','否','咨询师2','网络咨询师',NULL,0,NULL),(21,'网吧',30,'男','13588888888','中专','在职','百度','职英A站','高薪资','郑州',21,'咨询师1','123131','131313','阿什顿发放啊','2017-05-05 08:52:48','--请选择--','待定',NULL,'否',NULL,'否',NULL,NULL,'否',NULL,0,'否','是','2018-06-06 01:14:29',NULL,'你好啊确实不错','否','网络','课程','否','咨询师2','网络咨询师',NULL,0,NULL),(22,'娃哈哈',16,'女','13566677788','高中','在读','直电','职英A站','实打实大大大大','郑州',21,'咨询师1','867647213','156385898','阿斯顿撒大大大萨达是大多','2018-06-04 11:49:27','--请选择--','待定',NULL,'是','2018-06-05 23:13:19','是','2018-06-04 23:13:26',NULL,'是','2018-06-19 23:18:51',8000,'否','否',NULL,NULL,NULL,'否',NULL,NULL,'否','咨询师1','网络咨询师',NULL,1000,'2018-06-12 23:18:37'),(23,'阿萨',12,'男','15656585878','高中','未知','百度移动端','职英A站','啊','其它',1,'咨询师1','15689888','12222222','啊飒飒','2018-06-04 18:52:32','--请选择--','待定',NULL,'否',NULL,'否',NULL,NULL,'否',NULL,0,'否','否',NULL,NULL,NULL,'否',NULL,NULL,'否','咨询师1','网络咨询师',NULL,0,NULL),(24,'大胖胖',25,'男','15688888866','本科','在读','UC移动端','职英A站','啊','郑州',1,'咨询师1','10245036','54584654','就很大机会','2018-06-06 18:45:18','--请选择--','待定',NULL,'否',NULL,'否',NULL,NULL,'否',NULL,0,'否','否',NULL,NULL,NULL,'否',NULL,NULL,'是','咨询师2','网络咨询师',NULL,0,NULL),(25,'西胖胖',45,'男','15633333339','高中','待业','360','职英A站','的','开封',1,'咨询师1','156359854','5464545','订单','2018-06-06 18:47:28','--请选择--','待定',NULL,'否',NULL,'否',NULL,NULL,'否',NULL,0,'否','否',NULL,NULL,NULL,'否',NULL,NULL,'是','咨询师4','网络咨询师',NULL,0,NULL),(26,'西胖胖',45,'男','15633333339','高中','待业','360','职英A站','的','开封',1,'咨询师2','156359854','98784565','订单','2018-06-06 18:49:44','--请选择--','待定',NULL,'否',NULL,'否',NULL,NULL,'否',NULL,0,'否','否',NULL,NULL,NULL,'否',NULL,NULL,'是','咨询师2','网络咨询师',NULL,0,NULL),(27,'哈哈哈',16,'未知','15233366489','未知','未知','未知','职英A站','阿达','未知',1,'咨询师3','4545646','798795456','','2018-06-09 17:25:24','--请选择--','待定',NULL,'否',NULL,'否',NULL,NULL,'否',NULL,0,'否','否',NULL,NULL,NULL,'否',NULL,NULL,'否','咨询师3','网络咨询师',NULL,0,NULL),(28,'张三',20,'男','13512313131','大专','待业','百度移动端','职英A站','王哈哈','南阳',21,'咨询师4','1311313','131313','已备注。。。阿萨德','2017-03-21 10:22:08','--请选择--','待定','A','是','2017-03-16 16:06:41','是','2017-03-12 16:06:56','null','是','2017-03-23 16:06:32',0,'否','是','2017-03-10 16:06:47','null','按时','是','网络','课程','否','咨询师3','网络咨询师','null',0,'2017-03-22 16:06:26'),(29,'张三2',18,'男','15711111111','高中','在读','百度','职英A站','新闻','郑州',21,'咨询师3','3545353','131313','已备注。。。','2017-03-14 16:37:15','网络营销','待定','B','是','2018-06-05 10:41:01','否',NULL,'null','否',NULL,0,'否','否',NULL,'null','null','是','网络','课程','是','咨询师3','网络咨询师','null',0,NULL),(30,'张三',20,'男','13552143099','高中','在读','百度','高考站','互联网+','郑州',21,'咨询师1','123456','123456','在读学生张三有意向软件开发工作。。。','2017-03-23 11:31:23','软件开发','待定','C','否',NULL,'否',NULL,'null','否',NULL,0,'否','否',NULL,'null','null','是','就业','就业','是','咨询师1','网络咨询师','null',0,NULL),(31,'小红',18,'女','15888888888','高中','在读','360','高考站','云时代','洛阳',21,'咨询师2','123456','234567','在读生小红咨询了公司的培训流程以及就业前景。','2017-03-28 11:09:39','软件设计','待定','A','否',NULL,'否',NULL,'null','否',NULL,0,'否','否',NULL,'null','null','否','市场','学费','是','咨询师2','网络咨询师','null',0,NULL),(33,'发发火',21,'男','15632455555','高中','在职','百度','职英A站','火狐','其它',1,'咨询师2','455444','244524','','2018-06-21 00:24:16','--请选择--','待定',NULL,'否',NULL,'否',NULL,NULL,'否',NULL,0,'否','否',NULL,NULL,NULL,'否',NULL,NULL,'否','咨询师3','小佳',NULL,0,NULL),(35,'高峰过后',12,'未知','15637454445','未知','未知','未知','职英A站','境界','未知',1,'咨询师2','4564854','234562','','2018-06-21 00:34:51','--请选择--','待定',NULL,'否',NULL,'否',NULL,NULL,'否',NULL,0,'否','否',NULL,NULL,NULL,'否',NULL,NULL,'否','咨询师3','小佳',NULL,0,NULL),(36,'欧赔',12,'未知','15687845514','未知','未知','未知','职英A站','工会','未知',1,'咨询师2','6487845','485484','','2018-06-21 00:37:30','--请选择--','待定',NULL,'否',NULL,'否',NULL,NULL,'否',NULL,0,'否','否',NULL,NULL,NULL,'否',NULL,NULL,'否','咨询师3','小佳',NULL,0,NULL),(37,'张三打',20,'男','13552843099','高中','在读','百度','高考站','互联网+','郑州',21,'null','123656','12333456','在读学生张三有意向软件开发工作。。。','2017-03-23 11:31:23','软件开发','待定','C','否',NULL,'否',NULL,'null','否',NULL,0,'否','否',NULL,'null','null','是','就业','就业','是','咨询师3','网络咨询师','null',0,NULL),(38,'张三好',20,'男','15588888888','高中','在读','百度','职英B站','互联网+','郑州',21,'null','123454','488889','张三三同学想学习软件开发。。。','2017-03-23 11:47:23','软件开发','否','A','是','2017-05-04 17:38:50','是','2017-05-04 17:38:52','已离校??','是','2017-05-04 17:38:55',10000,'是','是','2017-05-04 17:38:58','备注。。。。','你好啊.....','否','就业','就业','是','咨询师3','网络咨询师','暂无',1000,'2017-05-04 17:38:54'),(39,'张三打',20,'男','13552843099','高中','在读','百度','高考站','互联网+','郑州',21,'null','123656','12333456','在读学生张三有意向软件开发工作。。。','2017-03-23 11:31:23','软件开发','待定','C','否',NULL,'否',NULL,'null','否',NULL,0,'否','否',NULL,'null','null','是','就业','就业','是','咨询师3','网络咨询师','null',0,NULL),(40,'张三好',20,'男','15588888888','高中','在读','百度','职英B站','互联网+','郑州',21,'null','123454','488889','张三三同学想学习软件开发。。。','2017-03-23 11:47:23','软件开发','否','A','是','2017-05-04 17:38:50','是','2017-05-04 17:38:52','已离校??','是','2017-05-04 17:38:55',10000,'是','是','2017-05-04 17:38:58','备注。。。。','你好啊.....','否','就业','就业','是','咨询师3','网络咨询师','暂无',1000,'2017-05-04 17:38:54'),(41,'张三打',20,'男','13552843099','高中','在读','百度','高考站','互联网+','郑州',21,'null','123656','12333456','在读学生张三有意向软件开发工作。。。','2017-03-23 11:31:23','软件开发','待定','C','否',NULL,'否',NULL,'null','否',NULL,0,'否','否',NULL,'null','null','是','就业','就业','是','咨询师1','网络咨询师','null',0,NULL),(42,'张三好',20,'男','15588888888','高中','在读','百度','职英B站','互联网+','郑州',21,'null','123454','488889','张三三同学想学习软件开发。。。','2017-03-23 11:47:23','软件开发','否','A','是','2017-05-04 17:38:50','是','2017-05-04 17:38:52','已离校??','是','2017-05-04 17:38:55',10000,'是','是','2017-05-04 17:38:58','备注。。。。','你好啊.....','否','就业','就业','是','咨询师2','网络咨询师','暂无',1000,'2017-05-04 17:38:54');

/*Table structure for table `userroles` */

DROP TABLE IF EXISTS `userroles`;

CREATE TABLE `userroles` (
  `id` int(10) unsigned NOT NULL AUTO_INCREMENT COMMENT '编号',
  `userId` int(11) unsigned NOT NULL COMMENT '用户编号',
  `roleId` int(11) unsigned NOT NULL COMMENT '角色编号',
  `userRoleLastUpdateTime` timestamp NOT NULL DEFAULT CURRENT_TIMESTAMP ON UPDATE CURRENT_TIMESTAMP COMMENT '最后一次修改时间',
  PRIMARY KEY (`id`),
  KEY `FK_userroles_userId` (`userId`),
  KEY `FK_userroles_roleId` (`roleId`),
  CONSTRAINT `FK_userroles_roleId` FOREIGN KEY (`roleId`) REFERENCES `roles` (`id`) ON DELETE CASCADE ON UPDATE CASCADE,
  CONSTRAINT `FK_userroles_userId` FOREIGN KEY (`userId`) REFERENCES `users` (`id`) ON DELETE CASCADE ON UPDATE CASCADE
) ENGINE=InnoDB AUTO_INCREMENT=105 DEFAULT CHARSET=utf8;

/*Data for the table `userroles` */

insert  into `userroles`(`id`,`userId`,`roleId`,`userRoleLastUpdateTime`) values (2,2,2,'2018-05-11 00:00:00'),(6,4,2,'2018-05-11 00:00:00'),(42,12,8,'2018-05-25 18:59:36'),(44,16,15,'2018-05-28 16:24:50'),(52,3,2,'2018-05-28 18:19:19'),(54,21,16,'2018-05-28 18:21:41'),(55,20,17,'2018-05-28 18:21:47'),(56,19,17,'2018-05-28 18:22:02'),(57,18,17,'2018-05-28 18:22:42'),(58,17,17,'2018-05-28 18:22:50'),(59,27,1,'2018-05-30 10:03:46'),(64,5,2,'2018-06-07 23:18:20'),(97,1,2,'2018-06-09 17:16:20'),(98,51,2,'2018-06-20 23:12:29'),(99,63,17,'2018-06-20 23:56:00'),(100,9,17,'2018-06-29 17:17:40'),(103,72,17,'2018-06-29 17:25:50');

/*Table structure for table `users` */

DROP TABLE IF EXISTS `users`;

CREATE TABLE `users` (
  `id` int(10) unsigned NOT NULL AUTO_INCREMENT COMMENT '用户id',
  `loginName` varchar(20) NOT NULL COMMENT '登录名',
  `passwords` varchar(50) NOT NULL COMMENT '密码',
  `isLookout` enum('是','否') NOT NULL DEFAULT '否' COMMENT '是否锁定',
  `lastLoginTime` timestamp NOT NULL DEFAULT CURRENT_TIMESTAMP COMMENT '最后一次登陆时间',
  `createTime` datetime DEFAULT NULL COMMENT '创建时间',
  `psdWrongTime` tinyint(3) unsigned DEFAULT '0' COMMENT '密码错误次数',
  `lockTime` datetime DEFAULT NULL COMMENT '被锁定时间',
  `protectEMail` varchar(50) DEFAULT NULL COMMENT '密保邮箱',
  `protectMTel` varchar(11) DEFAULT NULL COMMENT '密保手机号',
  `leaveState` varchar(50) DEFAULT '否' COMMENT '是否可以进行请假',
  `leaveBoolean` varchar(50) DEFAULT '是' COMMENT '是否可以再次申请请假',
  `leaveChi` int(11) DEFAULT NULL COMMENT '迟到次数',
  `leaveZao` int(11) DEFAULT NULL COMMENT '早退次数',
  PRIMARY KEY (`id`)
) ENGINE=InnoDB AUTO_INCREMENT=75 DEFAULT CHARSET=utf8;

/*Data for the table `users` */

insert  into `users`(`id`,`loginName`,`passwords`,`isLookout`,`lastLoginTime`,`createTime`,`psdWrongTime`,`lockTime`,`protectEMail`,`protectMTel`,`leaveState`,`leaveBoolean`,`leaveChi`,`leaveZao`) values (1,'小佳','20b8a217877fc0977f5f6be50fab7aa0','否','2018-06-29 17:42:35','2018-05-11 00:00:00',0,'2018-05-21 12:14:53','867647213@qq.com','15638589820','否','是',NULL,NULL),(2,'蒙蒙','1645476cebbae4f50c900572617d0e25','否','2018-05-23 08:57:22','2018-05-11 00:00:00',0,NULL,'2934128615@qq.com','15736709693','是','是',NULL,NULL),(3,'胖胖','5faef2f9e05f070d5c0df0659e09b2c5','否','2018-06-28 13:28:02','2018-05-11 00:00:00',0,'2018-06-21 00:59:35','1024503678@qq.com','15736709694','是','是',NULL,NULL),(4,'菜鸟','5faef2f9e05f070d5c0df0659e09b2c5','是','2018-05-11 11:18:41','2018-05-11 00:00:00',0,NULL,'1024503679@qq.com','15736709695','是','是',NULL,NULL),(5,'二哈','fc279443feb978924443f61b378c5a40','否','2018-06-29 17:12:48','2018-05-11 00:00:00',0,NULL,'1024503675@qq.com','15736709696','是','是',NULL,NULL),(9,'王大哈','4c21c796573bcdd9b6e605aad5f766fc','否','2018-06-29 17:12:48','2018-05-21 12:16:36',0,NULL,'213213@qq.com','15736709697','是','是',NULL,NULL),(10,'王大啊','ce46b3605631e654b132df0266f8f873','是','2018-05-22 16:24:22','2018-05-21 12:20:02',0,'2018-05-22 16:21:32','542264@qq.com','15736709698','是','是',NULL,NULL),(12,'风格的股份','fddd107f9e8811d62dc588a8315fd2ec','否','2018-05-23 00:26:32','2018-05-23 00:26:32',0,NULL,'5768@qq.com','15647689075','是','是',NULL,NULL),(16,'咨询师经理','f76e789d6d09720cefa4c70cdfe7d30d','否','2018-06-23 16:45:49','2018-05-25 00:15:35',0,NULL,'231213@qq.com','15366668888','是','是',NULL,NULL),(17,'咨询师1','7a3e032c6c4ef9ec7c51a081e6706cbc','否','2018-06-28 17:57:30','2018-05-25 00:15:35',0,NULL,'6445878@qq.com','13522266312','是','是',NULL,NULL),(18,'咨询师2','44eafb1216de31712ec1617c4f96217a','否','2018-06-22 18:28:11','2018-05-25 00:15:35',0,NULL,'897454@qq.com','13655448897','是','是',NULL,NULL),(19,'咨询师3','a0ccc4481a0c7af4b47d3341287a9a0f','否','2018-06-28 17:57:30','2018-05-25 00:15:35',0,NULL,'812151@qq.com','15648799884','是','是',NULL,NULL),(20,'咨询师4','956446e11bcd96d0c339c157f970ec17','否','2018-06-14 15:15:29','2018-05-25 00:15:35',0,NULL,'2231132@qq.com','18512155487','是','是',NULL,NULL),(21,'网络咨询师','103a6788305d832652861cf41651a323','否','2018-06-20 23:07:51','2018-05-25 00:15:35',0,NULL,'65645613@qq.com','13454648787','是','是',NULL,NULL),(27,'撒大大','bdc90b7a4793e1e41da9eb9383c7cad6','否','2018-05-30 10:03:40','2018-05-30 10:03:40',0,NULL,'','','是','是',NULL,NULL),(28,'王大哈啊','239f9a3f7bf709ff8dde93d5872ecd9d','否','2018-05-31 12:42:46','2018-05-31 12:42:46',0,NULL,'4546@qq.com','','是','是',NULL,NULL),(29,'小明','7cfed5b9e6c68ee5726d55f2ec125d83','否','2018-05-31 16:08:48','2018-05-31 16:08:48',0,NULL,'123@qq.com','15611111111','是','是',NULL,NULL),(30,'小李','200ed461e6c6d0c51d7999c01689a8ab','否','2018-05-31 16:09:27','2018-05-31 16:09:27',0,NULL,'111111@qq.com','15622222222','是','是',NULL,NULL),(31,'小王','68fcfb324222fabef25b8968a655a919','否','2018-05-31 16:10:30','2018-05-31 16:10:30',0,NULL,'111@qq.com','15633333333','是','是',NULL,NULL),(32,'小力','b92fc9a900618077e2969fcb9fd0c8dc','否','2018-05-31 16:10:53','2018-05-31 16:10:53',0,NULL,'15623@qq.com','15644444444','是','是',NULL,NULL),(33,'小天','7a2d66f7025ba8bd6f1bbdd52e977ba0','否','2018-05-31 16:11:12','2018-05-31 16:11:12',0,NULL,'123132@qq.com','15655555555','是','是',NULL,NULL),(34,'宇智波佐助','48d5ef6ac69391bfbe78945ca19e6100','否','2018-05-31 16:11:57','2018-05-31 16:11:57',0,NULL,'666@qq.com','15666666666','是','是',NULL,NULL),(35,'漩涡鸣人','c40a394e575fa86a41fb8ff2a4c327a9','否','2018-05-31 16:14:47','2018-05-31 16:14:47',0,NULL,'1313@qq.com','15677777777','是','是',NULL,NULL),(36,'春野樱','489b77534353858b4a91eff89685dbbc','否','2018-05-31 16:15:23','2018-05-31 16:15:23',0,NULL,'654123@qq.com','15688888888','是','是',NULL,NULL),(37,'旗木卡卡西','94ecadd6e087718ffc4326e757b3675f','否','2018-05-31 16:15:47','2018-05-31 16:15:47',0,NULL,'5465744@qq.com','15648456123','是','是',NULL,NULL),(38,'海野伊鲁卡','f661ce070006c414e0c75741a8b59585','否','2018-05-31 16:17:59','2018-05-31 16:17:59',0,NULL,'15456448@qq.com','15699999999','是','是',NULL,NULL),(39,'小樱','796264bbf7bf541b4b0a71ec846d48fd','否','2018-05-31 16:18:33','2018-05-31 16:18:33',0,NULL,'12345654@qq.com','15644445454','是','是',NULL,NULL),(40,'小佐助','59f74a6e4591c66a5256476e5ab37bea','否','2018-05-31 16:19:11','2018-05-31 16:19:11',0,NULL,'456321123@qq.com','15637415125','是','是',NULL,NULL),(41,'小鸣人','53d2c8fed84d0020ec17785ac38fab76','否','2018-05-31 16:19:40','2018-05-31 16:19:40',0,NULL,'12315465@qq.com','15611111112','是','是',NULL,NULL),(42,'小卡卡西','698ccbea2b282ddafe8f43253566eb40','否','2018-05-31 16:20:32','2018-05-31 16:20:32',0,NULL,'54212933@qq.com','15611111110','是','是',NULL,NULL),(43,'夕日红','519cfce103dab545c1c70fc0aca5db44','否','2018-05-31 16:21:00','2018-05-31 16:21:00',0,NULL,'12313@qq.com','15611111122','是','是',NULL,NULL),(44,'小佳子','76fe0bc185c7149bca1ac4403d25bb4f','否','2018-05-31 16:22:00','2018-05-31 16:22:00',0,NULL,'156545@qq.com','15611111123','是','是',NULL,NULL),(45,'大娃','805f89cea6d68995905c6a4b2fedede4','否','2018-05-31 16:24:07','2018-05-31 16:24:07',0,NULL,'12323@qq.com','15622222222','是','是',NULL,NULL),(46,'二娃','ef803ef6290b8156c42332e35d389733','否','2018-05-31 16:24:27','2018-05-31 16:24:27',0,NULL,'1233321@qq.com','15633333333','是','是',NULL,NULL),(47,'三娃','3a7a6bcbd54770f441a25d3d16616330','否','2018-05-31 16:25:16','2018-05-31 16:25:16',0,NULL,'545645@qq.com','15645555564','是','是',NULL,NULL),(48,'四娃','ad211ecfa587eb59d151040bc1fa72d0','否','2018-05-31 16:25:48','2018-05-31 16:25:48',0,NULL,'45465456@qq.com','15656666666','是','是',NULL,NULL),(49,'五娃','0aa8295bd697c00e8f6342378ba4cac4','否','2018-05-31 16:26:19','2018-05-31 16:26:19',0,NULL,'64546545@qq.com','15666644454','是','是',NULL,NULL),(50,'六娃','d23b90c6a9725934fa7c9e8a06bcd606','否','2018-05-31 16:26:55','2018-05-31 16:26:55',0,NULL,'456456@qq.com','15631245465','是','是',NULL,NULL),(51,'七娃','0d502790de7ccce4ec8a8c8f174ef0f5','否','2018-05-31 16:27:15','2018-05-31 16:27:15',0,NULL,'12345@qq.com','15644564125','是','是',NULL,NULL),(53,'九娃','117e2a4c567dc12cd5efe386b1dbd023','否','2018-05-31 16:28:29','2018-05-31 16:28:29',0,NULL,'687945@qq.com','15632131545','是','是',NULL,NULL),(54,'十娃','3b67926ecbace2c51e95778eb28dc4b3','否','2018-05-31 16:28:53','2018-05-31 16:28:53',0,NULL,'68978456@qq.com','15687945213','是','是',NULL,NULL),(55,'大菜鸟','03d8a410e0beb22cd9aa2c08113c5e41','否','2018-05-31 16:31:52','2018-05-31 16:31:52',0,NULL,'11111@qq.com','15645554454','是','是',NULL,NULL),(56,'二菜鸟','2dcaf85ffbab7f9b7df77a207f42b337','否','2018-05-31 16:32:16','2018-05-31 16:32:16',0,NULL,'456123@qq.com','15632154564','是','是',NULL,NULL),(57,'三菜鸟','48d204826e88716a85ae597a9e187858','否','2018-05-31 16:32:36','2018-05-31 16:32:36',0,NULL,'15456@qq.com','15622232232','是','是',NULL,NULL),(58,'四菜鸟','be3d7360bd9674c8b914aa55563ea20b','否','2018-05-31 16:33:10','2018-05-31 16:33:10',0,NULL,'3215452@qq.com','15633322122','是','是',NULL,NULL),(59,'五菜鸟','c5e9db7d807b169e382fba24ec62087f','否','2018-05-31 16:34:16','2018-05-31 16:34:16',0,NULL,'45612346@qq.com','15632232323','是','是',NULL,NULL),(60,'六菜鸟','b759027cfab7fa49b53dbfd3a9d80af3','否','2018-05-31 16:34:40','2018-05-31 16:34:40',0,NULL,'4562123@qq.com','15665363525','是','是',NULL,NULL),(61,'七菜鸟','3d1e85bfdd31c3597566928dd62eea3b','否','2018-05-31 16:35:06','2018-05-31 16:35:06',0,NULL,'456321654@qq.com','15835645212','是','是',NULL,NULL),(62,'八菜鸟','cc58b83e1c383778f447b6f83d81b92b','否','2018-06-23 19:04:08','2018-05-31 16:38:02',0,NULL,'3215456@qq.com','15865445665','是','是',NULL,NULL),(63,'九菜鸟','c3d178667c006bfd72b247284ef30f57','否','2018-06-25 09:26:52','2018-05-31 16:38:48',0,NULL,'123321123@qq.com','15865451265','是','是',NULL,NULL),(64,'十菜鸟','cf2511f748fc1751ae544770639e520b','否','2018-05-31 16:39:17','2018-05-31 16:39:17',0,NULL,'6545456@qq.com','15896515645','是','是',NULL,NULL),(65,'咨询师五','3c3553d3fb37ba7dadd80c7214e2dc1a','否','2018-05-31 16:43:15','2018-05-31 16:43:15',0,NULL,'55555@qq.com','15884564587','是','是',NULL,NULL),(66,'咨询师六','4c0c2140f1b89e51727ad08ae5074604','否','2018-05-31 16:43:36','2018-05-31 16:43:36',0,NULL,'465454@qq.com','15689798456','是','是',NULL,NULL),(67,'咨询师七','0adad57f0cc09134dc438e59979873dc','否','2018-05-31 16:46:11','2018-05-31 16:46:11',0,NULL,'555666@qq.com','15895467523','是','是',NULL,NULL),(68,'咨询师八','281c0d5ce9a5ef6bb29c404bd693993b','否','2018-05-31 16:46:39','2018-05-31 16:46:39',0,NULL,'1585412@qq.com','15876541255','是','是',NULL,NULL),(69,'咨询师九','f64cb71d95818dd7bd7e9d4047fefc66','否','2018-05-31 16:47:05','2018-05-31 16:47:05',0,NULL,'123412354@qq.com','15688755664','是','是',NULL,NULL),(70,'咨询师十','1ccc7c1e85cddb786a4abf703664454b','否','2018-05-31 16:47:31','2018-05-31 16:47:31',0,NULL,'15879556@qq.com','15896213525','是','是',NULL,NULL),(71,'咨询师','5edabf7058a4510b19cfa78ef3769a09','否','2018-06-22 18:28:11','2018-05-31 16:48:10',0,NULL,'1546@qq.com','15954621552','是','是',NULL,NULL),(72,'打打','2fe59a31b552cc41f957f8b511bcf05e','否','2018-06-29 17:42:35','2018-06-29 17:22:40',0,'2018-06-29 17:23:55','54564@qq.com','15567874541','否','否',NULL,NULL),(74,'网二是','42c231a443315f98d605bd6de0d4dc97','否','2018-06-29 17:42:35','2018-06-29 17:47:11',1,'2018-06-29 17:47:57',NULL,NULL,'否','是',NULL,NULL);

/*Table structure for table `vacation` */

DROP TABLE IF EXISTS `vacation`;

CREATE TABLE `vacation` (
  `id` int(11) NOT NULL AUTO_INCREMENT COMMENT 'id自增',
  `userId` int(11) NOT NULL COMMENT '用户id',
  `leaveType` varchar(20) DEFAULT NULL COMMENT '请假类型',
  `leaveDate` int(11) DEFAULT NULL COMMENT '请假天数',
  `content` varchar(100) DEFAULT NULL COMMENT '请假原因',
  `leaveTime` datetime DEFAULT NULL COMMENT '请假时间',
  `isAgree` varchar(20) DEFAULT '审核中' COMMENT '是否批准',
  `pContent` varchar(50) DEFAULT NULL COMMENT '批注',
  `pName` varchar(20) DEFAULT NULL COMMENT '批注人',
  `pTime` datetime DEFAULT NULL COMMENT '批注时间',
  `name` varchar(20) DEFAULT NULL COMMENT '请假人',
  `endTime` datetime DEFAULT NULL COMMENT '结束时间',
  PRIMARY KEY (`id`)
) ENGINE=InnoDB AUTO_INCREMENT=34 DEFAULT CHARSET=utf8;

/*Data for the table `vacation` */

insert  into `vacation`(`id`,`userId`,`leaveType`,`leaveDate`,`content`,`leaveTime`,`isAgree`,`pContent`,`pName`,`pTime`,`name`,`endTime`) values (19,3,'产假',30,'回家生孩子!望广大老总批准!!!','2018-06-22 11:56:11','准假','允了,回去生孩子去吧胖胖,生个五六个大胖小子就行了,不然别回来!','小佳',NULL,'胖胖','2018-07-22 11:56:13'),(20,1,'病假',5,'回家探亲!望广大老总批准!!!','2018-06-29 17:31:24','不准许',NULL,'小佳',NULL,'小佳','2018-07-04 17:31:24'),(30,19,'丧假',21,NULL,'2018-06-28 18:34:10','准假',NULL,'二哈',NULL,'咨询师3','2018-07-19 18:34:10'),(32,1,'病假',12,NULL,'2018-06-29 17:32:46','准假',NULL,'二哈',NULL,'小佳','2018-07-11 17:32:46'),(33,72,'探亲',2,NULL,'2018-06-29 17:56:48','审核中',NULL,NULL,NULL,'打打','2018-07-01 17:56:48');

/*!40101 SET SQL_MODE=@OLD_SQL_MODE */;
/*!40014 SET FOREIGN_KEY_CHECKS=@OLD_FOREIGN_KEY_CHECKS */;
/*!40014 SET UNIQUE_CHECKS=@OLD_UNIQUE_CHECKS */;
/*!40111 SET SQL_NOTES=@OLD_SQL_NOTES */;
